State,District,Solar Irradiance,Cropping Intensity(%),Irrigation Intensity (%),IWU (% of CWU),Elect(%),GW_dev_stage (%),Surface water area (km2)-%,Cultivated land (%),Electricity Subsidy,GW share irr (% of IWU),WL (m),Small& Marginal % Holdings
bihar,Aurangabad,4.98,148.86,0,57.32,3,25.13,17.17,66.89,67.5,37.82,6.3,94.48
manipur,Churachandpur,4.59,100,2.6,34.98,0,6.18,0,100,515,0,1.84,92.32
assam,Hailakandi,4.63,151.17,0.2,35.53,1,2.55,31.76,34.89,465,16.94,1.3,89.76
manipur,Imphal East,4.63,100,8.5,39.05,0,8.07,0.13,100,515,0.06,3.3,90.12
jharkhand,Godda,4.72,117.08,14.5,44.39,3,21.28,22.54,21.02,95,48.22,7,82.48
manipur,Imphal West,4.55,100,14.4,34.83,0,11.05,0.19,100,515,0.04,2.85,86.51
bihar,Madhubani,4.57,155.91,45.8,51.08,38,42.23,52.81,55.37,67.5,57.48,2.9,97.74
manipur,Thoubal,4.54,100,10.9,38.52,0,9.84,0.18,100,515,0,1.44,86.46
jharkhand,Bokaro,4.92,111.3,9.4,37.65,0,42.55,13.7,9.18,95,46.7,6.3,84.8
jharkhand,Chatra,5.35,147.07,21,50.62,100,35.16,45.61,5.89,95,49.47,8.09,90.1
manipur,Senapati,4.33,100,0,35.79,0,0,0,100,515,0.06,3.2,83.54
manipur,Ukhrul,4.32,100,0,35.59,0,0,0,100,515,0.11,2.37,85.44
jharkhand,Hazaribagh,5.05,134.79,24.6,47.09,3,36.81,30.27,9.31,95,71.26,8.58,91.78
jharkhand,Saraikela-kharsawan,5,105.18,0.8,35.41,15,22.9,2.37,25.43,95,8.56,5.7,84.86
mizoram,Aizawl,4.66,100,8.2,36.25,0,13.13,0.01,6.54,380,0,1.75,86.87
bihar,Arwal,4.88,123.29,89.7,59.32,7,43.27,32.22,41.41,67.5,58.53,4.8,96.65
bihar,Banka,4.81,128.09,87.8,45.31,49,30.44,86.45,37.87,67.5,24.88,5.01,96.67
west bengal,Bankura,4.91,171.69,11.6,42.98,4,36.34,2.27,51.48,460,33.93,5.05,89.83
odisha,Bargarh,5.12,135.81,44.8,37.89,14,54.37,0.73,56.59,150,13.25,3.26,85.21
bihar,Bhojpur,4.86,120.56,91.5,65.43,13,47.24,1.04,81.65,67.5,29.65,6.5,95.63
west bengal,Birbhum,4.8,180.66,18.4,48.44,58,31.48,3.14,72.63,460,29.77,7.41,91.5
manipur,Bishnupur,4.69,100,3,38.19,99,5.69,15.96,100,515,0.01,2,84.56
assam,Cachar,4.55,150.41,1.6,33.12,1,3.42,0.26,33.3,465,2.28,1.45,87.58
bihar,Gaya,4.99,104.74,90.7,61.32,10,48.08,13.48,34.44,67.5,45.92,6.2,96.73
bihar,Gopalganj,4.67,117.05,81.8,67.9,44,49.22,6.2,68.1,67.5,68.03,4.04,98.63
madhya pradesh,Jhabua,5.37,166.09,30.6,76.49,97,44.79,0.66,60.77,135,46.45,7.8,83.1
jharkhand,Kodarma,4.96,122.14,25,54.28,2,66.44,26.52,7.14,95,55.34,6.5,89.68
mizoram,Lawangtlai,4.86,100,20.2,43.8,0,3.4,0.01,5.38,380,0,1.79,88.17
mizoram,Lunglei,4.77,100,8.2,40.33,0,3.8,0.01,3.86,380,0,1.77,94.43
mizoram,Saiha,4.8,100,4.6,43.95,0,5.38,0,8.18,380,0,1.69,86.48
assam,Sivasagar,4.23,104.12,20.9,26.32,4,4.98,0.21,54.96,465,9.25,3.8,81.48
chhattisgarh,Surguja,5.19,114.51,11.1,43.27,0,42.58,4.59,30.17,0,29.27,7.34,81.11
west bengal,Darjiling,3.89,123.56,7,23.41,19,15.65,0.09,52.54,460,47.02,4.19,98.1
assam,Darrang,4.35,125.74,16.6,38.15,2,35.03,0.12,58.57,465,41.37,4.09,91.12
maharashtra,Jalna,5.33,119.72,18,70.2,18,54.85,2.8,79.08,155,95.32,8.2,79.38
assam,Jorhat,4.28,110.74,0.5,29.37,0,12.61,0.23,60.28,465,43.5,1.9,82.52
assam,Karimganj,4.59,113.16,3.7,35.43,5,4.27,1.16,40.33,465,31.52,0.9,80.53
assam,Morigaon,4.44,165.32,4.5,41.5,3,30.52,0.48,51.64,465,46.02,3.6,88.19
chhattisgarh,Narayanpur,5.18,100.95,0.6,48.39,100,4.33,0.14,3.59,0,0,2.3,56.33
manipur,Tamenglong,4.36,100,0,36.25,0,0,0.02,100,515,0,3.26,36.06
odisha,Cuttack,4.92,122.52,45.7,35.37,23,45.67,0.06,35.33,150,12.86,3.29,97.54
odisha,Ganjam,4.98,127.32,56.7,34.41,41,40.87,12.61,43.75,150,7.67,3.7,95.08
assam,Golaghat,4.33,127.74,0.3,34.05,8,6.12,0.27,40.93,465,27.96,4.04,83.41
jharkhand,Jamtara,4.89,102.28,5.2,40.54,6,44.8,2.16,34.56,95,31.29,5.3,74.86
jharkhand,Khunti,5.09,138.31,8.6,39.32,3,27.05,10.2,21.11,95,71.76,5.9,73.6
maharashtra,Kolhapur,5.23,126.48,18.4,69.84,79,42.45,0.93,58.61,155,39.75,3.5,92.3
jharkhand,Lohardaga,5.15,121.11,22.3,36.54,12,15.1,11.03,28.71,95,92.79,6.75,75.59
bihar,Madhepura,4.59,151.27,72.5,47.8,1,40.99,0.19,71.81,67.5,41.76,3.8,96.24
mizoram,Mamit,4.7,100,9,34.77,0,1.94,0.07,5.84,380,0,2.17,62.61
maharashtra,Raigarh,5.16,110.5,23.1,42.85,100,17.94,4.7,38.77,155,20.63,3.6,80.94
odisha,Sambalpur,5.09,110.63,19.3,36.22,70,29.83,9.81,31.43,150,10.31,4.8,84.79
mizoram,Serchhip,4.77,100,12.8,40.49,0,5.76,0.03,17.34,380,0,1.7,78.8
assam,Tinsukia,4.04,110.99,0.5,21.61,2,5.14,0.15,34.49,465,19.64,3.09,82.35
assam,Udalguri,4.35,132,11.1,33.56,33,12.06,0.41,57.61,465,40.86,2.8,88.13
chhattisgarh,Uttar Bastar Kanker,5.2,109.77,16.9,44.83,0,33.66,0,28.84,0,20.93,6.2,69.83
andhra pradesh,Vizianagaram,5.03,136.6,52.9,56.2,79,23.14,12.11,34.67,0,20.53,4.5,93.53
bihar,Araria,4.45,120.27,74.9,40.27,19,26.08,8.19,31.35,67.5,73.33,3.7,95.98
tamil nadu,Ariyalur,5.37,121.8,39.2,53.99,0,52.02,1.76,50.34,0,64.77,4.5,94.74
rajasthan,Banswara,5.4,160.5,34.2,77.29,44,67.23,0.49,51.53,167,23.73,5.66,88.94
maharashtra,Bhandara,5.25,144.19,16.1,68.73,100,30.22,0.67,44.73,155,36.84,8.65,91.61
bihar,Buxar,4.82,136.99,89,65.28,48,42.48,1.55,80.52,67.5,33.63,7.5,91.09
mizoram,Champhai,4.74,100,26.5,41.41,0,2.82,0.02,6.2,380,0,1.64,97
bihar,Jamui,4.87,139.05,46.1,53.85,25,32.65,8.46,21.11,67.5,27.02,7.1,97.24
odisha,Kendujhar,4.98,103.43,9.5,30.67,23,44.54,0.06,27.07,150,11.77,5.09,94.96
andhra pradesh,Krishna,5.14,159.04,55.4,63.03,98,25.63,8.46,52.78,0,13.87,6,91.48
west bengal,Nadia,4.71,227.94,24.2,43.52,12,85.71,1.62,75.11,460,97.41,4.97,97.32
jharkhand,Purbi Singhbhum,4.97,112.22,2.6,32.78,7,30.41,7.3,10.94,95,56.02,8.9,89.3
bihar,Purnia,4.53,102.09,90.4,38.03,1,32.77,90.35,40.11,67.5,86.25,4.3,91.78
bihar,Rohtas,4.96,168.5,96.7,61.56,15,40.24,0.22,63.77,67.5,23.01,7.3,95.19
madhya pradesh,Shahdol,5.22,144.72,15,68.05,95,13.36,0.44,36.57,135,46.19,9.6,82.28
bihar,Sheikhpura,4.83,124.36,90.1,61.32,3,54.53,76.37,72.86,67.5,82.08,5.5,97.99
bihar,Siwan,4.73,134.72,49.9,68.06,22,54.26,0.46,74.37,67.5,90.04,5.2,98.47
west bengal,South 24 Parganas,4.71,173.95,0,42.31,52,0,10.66,37.77,460,21.25,7.1,98.74
puducherry,Yanam,5.07,139.51,0,73.53,0,0,0.69,20.33,0,23.68,2.7,90.49
maharashtra,Nandurbar,5.21,116.53,22.9,73.41,0,38.08,0.58,36.38,155,66.19,9.76,68.5
odisha,Anugul,5.04,104.09,11.9,35.03,0,53.08,3.34,19.46,150,25.8,5.7,96.6
madhya pradesh,Balaghat,5.23,152.18,51,69.9,95,23.5,0.61,34.18,135,15.99,6.5,89.81
chhattisgarh,Baloda Bazar,5.22,108.22,47.3,46.07,99,48.56,0.25,51.47,0,12.3,7.01,90.05
uttar pradesh,Banda,5.03,135.7,57.7,73.46,2,66.11,0.01,77.4,0,48.05,6.53,80.96
chhattisgarh,Gariaband,5.12,120.94,39.3,45.28,96,63.94,28.36,22.39,0,11.46,5.48,82.49
odisha,Jharsuguda,5.12,104.78,2.8,37.53,37,51.44,0.61,30.76,150,18.19,4.71,92.46
odisha,Kalahandi,5.11,121.31,39,44.4,18,41.81,125.89,43.42,150,6.29,4.18,86.86
uttar pradesh,Lalitpur,5.21,101.22,45.8,75.17,7,84.64,0.15,57.02,0,49.7,6.2,81.42
chhattisgarh,Mahasamund,5.16,116.59,42.9,44.17,56,59.94,1.19,52.61,0,18.11,7.1,83.18
odisha,Malkangiri,5.1,100.44,4.1,37.59,48,16.8,0.15,33.81,150,11.04,3.43,82.62
jharkhand,Palamu,5.11,173.12,31.3,47.05,22,34.99,1.49,16.72,95,39.52,7.46,92.5
west bengal,Puruliya,4.99,125.25,15.8,48.48,86,17.26,2.35,52.66,460,8.46,5.3,94.78
andhra pradesh,Srikakulam,5.05,139.79,52.8,55.37,55,33.33,7.29,48.21,0,19.75,4.1,96.76
rajasthan,Ajmer,5.42,144.82,18.7,74.18,97,142.91,27.85,54.17,167,90.43,8.52,76
madhya pradesh,Alirajpur,5.4,138.49,17.6,75.11,98,43.32,0.78,44.21,135,53.3,8.8,73.06
assam,Dima Hasao,4.3,131.51,1.8,33.15,5,1.01,0.01,8.64,465,28.12,3.24,99.43
madhya pradesh,Dindori,5.18,159.4,1.5,65.08,98,12.52,0.32,55.15,135,19.99,5.35,71.04
jharkhand,Dumka,4.83,153.05,10.6,34.31,0,24.61,1.36,14.08,95,41.68,5.9,70.05
meghalaya,East Garo Hills,4.37,110.47,36.1,28.76,0,4.11,0.1,15.63,300,0.73,3.43,84.41
meghalaya,East Khasi Hills,4.31,131.88,26.8,30.33,0,2.84,1.01,12.45,300,0.12,1.21,81.23
assam,Goalpara,4.38,171.55,18.3,37.76,0,21.18,0.76,39.68,465,42.89,3.9,88.16
andhra pradesh,Guntur,5.19,132.3,64.9,65.79,91,19.34,0.89,50.18,0,19.6,4.8,92.51
uttar pradesh,Hamirpur-UP,5.05,201.78,0,71.3,5,68.07,0.12,29.16,0,61.47,8.9,72.41
west bengal,Haora,4.74,186.09,32.2,45.48,3,21.55,7.51,57.67,460,17.28,3.73,99.73
odisha,Jajapur,4.95,116.64,18.1,34,27,65.94,0.08,38.85,150,25.66,4.3,95.75
assam,Kamrup,4.42,181.12,9.2,37.66,3,31.25,0.3,31.88,465,41.05,3.3,87.64
mizoram,Kolasib,4.6,100,23.5,32.61,0,1.22,0.76,16.41,380,0,1.62,44.13
odisha,Koraput,5.11,117.5,44.1,37.14,31,23.59,0.03,32.59,150,6.96,4.8,82.76
madhya pradesh,Mandla,5.21,159.51,17.4,68.07,100,20.41,4.81,24.47,135,18.65,6.07,78.24
assam,Nagaon,4.4,145.19,22.5,40.12,4,28.55,0.22,55.57,465,64,4.4,85.87
arunachal pradesh,Namsai,4.05,165.73,0,18.36,0,0,0,68.87,290,16.19,3.63,60.3
meghalaya,North Garo Hills,4.42,115.33,43.7,30.78,0,4.79,3.93,15.32,300,0,3.84,72.39
odisha,Nuapada,5.1,113.6,10.5,43.74,44,61.24,0.13,47.6,150,12.35,4.7,90.17
bihar,Pashchim Champaran,4.6,162.04,81.3,60.17,9,27.11,0,48.35,67.5,48.34,3.6,96.27
jharkhand,Pashchimi Singhbhum,5.08,166.21,1,35.33,2,10.45,1.17,15.1,95,7.09,6.7,75.55
bihar,Sitamarhi,4.6,180.45,84.5,63.12,1,50.54,27.76,58.1,67.5,90.44,2.9,98.85
odisha,Sundargarh,5.09,104.79,5.1,34.21,41,41.22,0.06,28.9,150,35.03,4.8,91.63
bihar,Supaul,4.5,172.58,71.3,46.62,0,32.87,1.84,57.06,67.5,66.6,2.8,96.65
arunachal pradesh,West Kameng,3.35,111.85,5,32.88,0,0.09,0,46.75,290,0,3.52,69.32
maharashtra,Bid,5.32,113.94,57.2,71.3,99,59.22,15.41,75.87,155,90.69,8.05,83.05
maharashtra,Gondiya,5.24,130.6,48.3,69,90,26.31,0.96,29.51,155,22.19,7.59,92.37
puducherry,Mahe,5.29,101.42,6,60.27,30,68.7,0,64.94,0,50.43,8.57,100
bihar,Patna,4.8,123.55,72.8,63.49,3,59.34,0.26,53.88,67.5,66.5,8.1,98.26
jharkhand,Sahibganj,4.66,106.24,7.3,42.13,1,16,0.73,22.85,95,56.5,5,87.02
maharashtra,Sangli,5.34,131.6,29.3,74.05,100,54.19,1.98,60.36,155,73.52,5.49,82.66
bihar,Saran,4.73,121.94,65.9,67.84,6,52.46,0.88,55.4,67.5,77.62,5.9,98.74
madhya pradesh,Singrauli,5.09,191.99,18.4,67.86,99,39.08,0.39,28.64,135,67.12,9.47,82.39
madhya pradesh,Anuppur,5.2,139.24,2.7,63.7,100,23.52,1.08,41.96,135,36.61,7.7,76.59
odisha,Balangir,5.14,113.38,1.9,46.7,0,49.64,0.12,49.63,150,30.29,3.98,90.62
chhattisgarh,Balrampur,5.15,114.07,8.8,46.84,100,22.09,0.27,25.88,0,25.64,7.22,75.56
chhattisgarh,Bastar,5.19,104.35,6.3,42.13,89,30.59,1.05,26.89,0,0,6.1,70.28
maharashtra,Chandrapur,5.25,125.96,22.2,65.27,100,29.32,0.43,35.14,155,41.72,6.8,69.52
uttar pradesh,Jalaun,4.99,141.72,56.1,76.12,37,55.17,0.16,75.43,0,37.76,9,78.69
odisha,Khordha,4.9,118.34,19.4,35.24,61,61.18,0.33,31.87,150,14.77,4.9,97.31
jharkhand,Latehar,5.07,130.57,22,38.69,2,29.2,2.34,11.16,95,35.21,7.2,79.81
odisha,Nayagarh,4.95,132.35,4.5,36.5,69,44.02,0.09,36.23,150,25.61,4.27,97.28
arunachal pradesh,Tirap,3.83,134.53,12.8,18.76,0,0.9,0,25.97,290,1.8,5.8,63.63
assam,Baksa,4.36,154.72,10.7,33.3,1,3.23,0.18,36.59,465,72.3,2.6,82.72
chhattisgarh,Balod,5.25,132.08,48.1,47.51,95,71.91,1.42,51.03,0,24.37,6.9,85.49
odisha,Bhadrak,4.76,109.35,49.9,31.02,73,60.28,0.45,62.87,150,10.08,3.1,95.69
assam,Chirang,4.46,127.21,9.6,33.26,5,2.53,0.35,30.95,465,58.69,2.1,90.73
odisha,Debagarh,5.02,111.37,4.9,35.15,49,57.44,0,28.24,150,13.42,4.9,94.19
jharkhand,Dhanbad,4.94,127.39,6.4,39.12,100,74.34,99.03,4.41,95,45.84,6.35,91.95
odisha,Dhenkanal,4.99,104.42,20.5,33.28,43,38.86,0.2,23.23,150,17.95,5.2,96.76
assam,Dibrugarh,4.11,109.37,1.2,24.41,5,6.71,0.63,44.56,465,60.26,3.9,85.2
jharkhand,Garhwa,5.09,135.43,30.1,46.55,3,35.75,1.75,17.1,95,41.05,7.3,90.85
karnataka,Hassan,5.3,129.64,15.3,47.07,97,71.35,7.76,62.89,0,49.76,9.8,92.12
west bengal,Jalpaiguri,4.27,156.15,8.9,26.95,44,12.26,0.18,59.96,460,62.47,4.02,96.31
bihar,Kaimur,4.95,150,91.9,58.75,0,37.8,1.38,49.12,67.5,41.66,8.9,93.4
odisha,Kendrapara,,120.81,40.6,33.41,46,63.66,0.33,56.57,150,4.9,2.39,96.61
bihar,Kishanganj,4.38,140.11,33.4,39.39,0,36.38,0.59,54.24,67.5,87.02,4.5,96.43
chhattisgarh,Korba,5.12,101.76,7,43.53,100,34.16,0.17,16.98,0,15.56,8.2,84.45
arunachal pradesh,Lower Subansiri,3.38,110.23,24,21.96,0,2.23,0,65.91,290,0.26,2.84,59.72
karnataka,Mysore,5.33,139.74,24.9,56.13,99,55.3,0.05,55.94,0,30.03,8.3,93.98
bihar,Nalanda,4.86,145.84,88.7,61.18,5,75.65,24,67.94,67.5,88.39,5.7,96.28
maharashtra,Nanded,5.3,116.31,15.5,65.91,100,32.37,1.22,68.38,155,80.01,9.07,80.59
andaman and nicobar,North and Middle Andaman,5.31,119.5,0,47.98,33,2.3,0.07,2.37,175,0.57,-1.23,57.44
goa,North Goa,5.19,114.72,20.4,63.83,100,25.2,2.74,44.95,150,30.11,4.8,91.3
jharkhand,Pakur,4.65,117.72,12.4,36.7,4,14.47,1.17,22.75,95,34.35,6.17,88.25
maharashtra,Pune,5.33,117.92,27.3,73.8,84,69.65,1.19,64.88,155,81.64,6.1,81.42
bihar,Purba Champaran,4.62,145.08,53.3,58.24,25,43.25,0,66.24,67.5,80.28,3.8,97.65
odisha,Puri,4.95,126.63,60.4,35.94,42,52.37,0.27,46.65,150,15.93,2.8,96.91
jammu and kashmir,Ramban,4.6,125.04,5.9,38.92,0,32.65,0,17.72,235,2.24,9.47,94.04
jharkhand,Ranchi,5.08,100.24,13,39.89,7,46.94,105.77,42.48,95,65.32,6.6,80.02
odisha,Rayagada,5.03,103.45,33,41.44,43,33.32,0.03,26.3,150,9.29,3.8,89.51
bihar,Saharsa,4.56,187.43,64,51.8,7,34.93,1.82,57.22,67.5,93.16,3.1,95.46
maharashtra,Satara,5.28,130.23,35.4,71.32,100,62.11,1.58,50.49,155,64.58,5.39,91.01
uttar pradesh,Sonbhadra,5.1,157.38,36.7,71.99,9,50.9,0.16,27.13,0,28.83,7.45,84.15
goa,South Goa,5.18,116.67,25.5,64.65,100,18.64,6.88,28.67,150,22.87,6.2,90.19
meghalaya,South West Khasi Hills,4.3,128.04,44.7,28.23,0,1.02,0.69,5.55,300,7.44,1.9,88.25
madhya pradesh,Umaria,5.25,186.76,27.2,70.81,98,18.71,1.75,25.47,135,54.03,9.5,81.14
kerala,Wayanad,5.07,144.57,13.2,52.78,99,27.67,1.07,53.4,195,20.3,7.7,96.7
nagaland,Zunheboto,4.13,130.37,11.5,30.37,0,4.08,0.01,28.51,320,0.04,3.45,34.79
andhra pradesh,Anantapur,5.46,106.69,18.6,70.21,100,33.28,2.58,44.63,0,73.47,8.8,72.01
karnataka,Bagalkot,5.43,133.37,49.3,74.9,15,81.72,0,76.96,0,52.22,7.9,69.77
karnataka,Belgaum,5.35,147.16,46.6,68.74,21,67.71,0,74.19,0,51.63,7.02,75.22
assam,Bongaigaon,4.33,143.55,28.6,34.67,0,26.51,0.29,56.31,465,60.41,3.8,94.48
uttarakhand,Champawat,4.8,155.76,0,48.02,0,0,0,6.05,285,3.47,17.9,94.8
manipur,Chandel,4.33,100,0,33.29,98,0,0,100,515,0.06,1.41,65.21
chhattisgarh,Dantewada,5.3,100.49,0.2,42.11,99,15.29,0.09,25.9,0,0,5.5,42.71
madhya pradesh,Harda,5.26,198.85,49.6,73.46,36,35.65,0.01,58.48,135,54.15,8.33,48.37
chhattisgarh,Kondagaon,5.21,105.94,5.5,54.35,98,36.85,0.15,22.02,0,28.26,4.86,69.7
himachal pradesh,Lahul & Spiti,4.7,100,0,26.53,0,0,0,0.39,30,0,9.21,72.7
uttar pradesh,Mahoba,5.05,163.35,28.9,70.4,3,91.45,0.26,71.21,0,56.23,6.46,73.98
assam,Nalbari,4.4,169.8,42.2,36.15,2,25.19,2.05,67.25,465,70.38,2.2,83
maharashtra,Parbhani,5.32,156.19,29.3,68.63,96,46.5,1.28,81.49,155,92.59,9.59,77.25
karnataka,Raichur,5.45,128.49,41,69.81,96,44.73,0.01,80.13,0,22.39,4.6,67.72
andaman and nicobar,South Andaman,4.9,103.56,0,80.3,95,3.48,0.03,2.45,175,0.57,0.66,74.81
meghalaya,West Garo Hills,4.38,127.94,39.1,35.63,2,17.94,1.67,23.53,300,13.19,3.5,71.91
andhra pradesh,East Godavari,5.07,157.2,74,62.36,96,29.69,3.18,31.08,0,24.66,5.4,94.9
chhattisgarh,Mungeli,5.18,171.21,46.2,49.74,100,55.88,5.6,46.8,0,25.68,8.24,89.99
kerala,Pathanamthitta,5.04,140.99,8.6,36.75,100,37.63,3.46,30.37,195,36.07,5.5,99.32
arunachal pradesh,Anjaw,3.5,109.2,0,19.37,0,0,0,40.87,290,5.07,4.03,53
maharashtra,Aurangabad-M,5.34,148.86,0,72.05,99,71.64,3.36,66.89,155,94.54,10.64,81.8
uttar pradesh,Balrampur-UP,4.78,114.07,0,73.26,30,59.58,0.38,25.88,0,79.73,4.39,93.2
jammu and kashmir,Bandipore,4.5,116.62,56.7,43.75,100,31.41,0,61.11,235,0.68,2,98.32
karnataka,Bellary,5.45,124.91,50.4,72.69,2,27.46,0.3,61.18,0,37.31,8.5,72.28
bihar,Darbhanga,4.63,114.15,79.7,55.63,30,52.34,2.69,55.48,67.5,83.38,3.6,97.83
uttar pradesh,Deoria,4.67,189.17,92.1,76.36,35,62.33,0.76,75.65,0,72.07,4.14,96.22
assam,Dhubri,4.41,168.64,13.4,35.63,3,28.66,0.75,42.35,465,66.28,4.8,87.9
karnataka,Gadag,5.38,153.64,16.4,66.52,99,74.62,0.02,84.43,0,49.67,10.4,64.06
uttar pradesh,Gorakhpur,4.71,166.57,69.6,75.85,2,63.42,0.71,71.07,0,78.69,4.7,96.83
chhattisgarh,Jashpur,5.14,104.78,3.9,38.79,97,43.08,0.15,37.51,0,37.86,6.5,65.18
uttar pradesh,Jhansi,5.11,147.61,48.1,71.31,18,67.54,0.25,63.19,0,51.4,8.4,77.73
assam,Kamrup Metropolitan,4.41,112.51,3.4,33.74,7,77.72,0.2,30.13,465,50.61,2.9,89.65
puducherry,Karaikal,5.46,136.26,80.1,66.55,61,28.37,1.53,29.54,0,10.99,3.1,82.33
tripura,Khowai,4.59,177.96,22.8,36.67,100,9.75,0,31.91,405,34.69,4.06,95.26
karnataka,Koppal,5.44,134.32,27.9,71.07,99,61.84,0,75.97,0,37.36,6.5,69.89
himachal pradesh,Kullu,4.3,139.86,0,25.23,99,0,0,57.42,30,1.05,4.4,96.46
andhra pradesh,Kurnool,5.35,110.73,28.1,70.85,98,23.51,1.01,49.98,0,52.22,6.01,79.27
uttar pradesh,Maharajganj,4.66,197.42,49.5,72.11,7,62.53,1.87,65.46,0,73.78,3.5,96.45
himachal pradesh,Mandi,4.72,177.73,17.5,36.56,100,14.25,0.02,22.54,30,2.56,3.7,92.98
bihar,Munger,4.85,115.29,79.1,52.52,65,31.9,0.06,29.43,67.5,64.14,4.8,96.7
bihar,Muzaffarpur,4.65,153.92,54,62.15,47,67.38,0.25,67.92,67.5,95.43,4.8,97.12
odisha,Nabarangapur,5.21,104.29,2.9,38.27,80,37.22,0,48.63,150,27.95,4.14,87.72
maharashtra,Nagpur,5.25,124.58,37.2,69.35,95,48.94,0.52,47.77,155,71.66,7.9,69.12
arunachal pradesh,Papum Pare,3.8,139.74,24,20.32,0,1.24,0.05,59.5,290,2.59,1.4,31.97
jammu and kashmir,Rajouri,4.78,186.47,10.6,35.93,0,12.41,0,21.39,235,9.96,3.8,88.68
meghalaya,Ri Bhoi,4.43,114.3,72.1,32.39,0,5.53,1.73,8.69,300,1.08,2.3,79.05
haryana,Rohtak,4.85,119.69,92.8,82.9,90,55.18,0.32,91.76,10,40.4,3.8,71.92
madhya pradesh,Seoni,5.22,184.18,35.3,73.6,99,41.38,0.63,45.38,135,42.1,6.4,74.67
bihar,Sheohar,4.6,189.68,58.4,60.42,12,61.49,0.39,53.89,67.5,98.84,4.3,97.81
uttar pradesh,Siddharth Nagar,4.71,186.76,54.3,75.33,1,63.31,0.77,75,0,63.54,3.89,96.23
jharkhand,Simdega,5.15,102.24,4.9,38.27,38,13.15,0.42,21.44,95,73.34,5.29,76.08
maharashtra,Solapur,5.33,104.18,26.5,78.24,100,77.54,0.84,67.65,155,76.57,7.17,71.01
assam,Sonitpur,4.21,185.65,8.2,33.4,0,10.28,0.31,22.95,465,56.52,3.3,86.37
meghalaya,South West Garo Hills,4.46,122.19,50.6,31.7,0,22.42,0.48,33.24,300,45.51,3.92,72.76
arunachal pradesh,Tawang,3.97,140.23,0,39.97,100,0,0.03,34.79,290,0,4.42,95.82
tamil nadu,The Nilgiris,4.99,103.81,1.9,53.08,93,9.72,0.02,28.95,0,41.81,3.6,95.16
kerala,Thiruvananthapuram,5.47,118.97,7.8,43.05,98,67.73,1.01,58.32,195,20.47,10.1,99.85
tripura,Unokoti,4.6,179.45,16.8,37.22,99,8.26,0,27.23,405,37.79,2.5,96.64
karnataka,Yadgir,5.45,124.12,47.2,63.85,100,37.99,0.06,76.7,0,34.89,5.8,69.34
maharashtra,Ahmadnagar,5.53,109.21,21.7,74.57,100,79.2,0.43,65.85,155,84.79,9.45,82.54
west bengal,Alipurduar,4.6,161.89,0,25.03,0,10.65,0.12,47.71,460,67.58,6.83,97.75
uttar pradesh,Auraiya,4.93,172.73,85.7,79.43,38,56.12,8.32,72.19,0,57.53,7.8,92.93
jammu and kashmir,Badgam,4.44,144.87,70.8,44.38,0,20.87,0,59.84,235,3.11,5.6,97.87
bihar,Begusarai,4.73,177.84,70.5,63.61,1,63.22,0.31,67.26,67.5,94.62,6.02,98.09
bihar,Bhagalpur,5.26,117.86,67.5,59.37,95,36.59,0.02,41.98,67.5,58.7,5.9,99.4
chhattisgarh,Bilaspur,4.73,113.35,44.4,44.13,100,63.58,0.23,45.2,0,14.73,7.9,89.63
uttarakhand,Chamoli,4.53,150.49,0,35.41,0,0,0,3.65,285,0.17,18.26,93.1
jharkhand,Deoghar,4.9,192.95,15,45.31,100,53.37,3.28,14.41,95,37.89,7.3,81.46
nagaland,Dimapur,4.5,145.57,47.4,37.05,0,5.55,0.13,64.13,320,4.43,6.5,17.47
rajasthan,Hanumangarh,4.98,156.46,64.2,79.12,41,61.08,0,85.92,167,6.98,18.12,29.03
chhattisgarh,Janjgir-Champa,5.21,111.57,81.1,43.85,98,30.32,0.78,58.42,0,11.56,6.8,91.9
assam,Karbi Anglong,4.31,142.47,19.4,40.2,0,2.81,0.02,12.06,465,46.85,5.09,85.24
bihar,Khagaria,4.69,141.97,68.6,54.57,8,59.52,0.09,57.06,67.5,92.76,5.9,96.03
nagaland,Kiphire,4.41,130.05,10.8,29.23,0,2.4,0.01,18.01,320,0.09,2.96,11.22
assam,Kokrajhar,4.28,154.42,12.1,34.48,0,5.07,0.39,27.62,465,42.1,17.4,90.21
kerala,Kottayam,5.21,127.03,13.9,29.03,99,37.11,0.15,73.36,195,29.36,5.1,98.22
jammu and kashmir,Kulgam,4.1,138,72.8,42.95,0,15.7,0.01,61.49,235,0.3,8.4,98.66
bihar,Lakhisarai,4.82,146.52,78.4,56.36,7,36.63,0.09,36.36,67.5,42.12,6.1,93.61
nagaland,Longleng,4.1,140.66,12.2,30.26,0,0.87,0.02,15.72,320,0.24,2.59,35.1
telangana,Mahbubnagar,5.39,128.22,22.8,63.77,99,58.83,4.99,58.05,0,71.71,14.3,85.93
karnataka,Mandya,5.45,122.47,47.4,58.15,100,60.75,2.96,58.49,0,28.03,5.1,95.55
odisha,Mayurbhanj,4.92,105.47,13.3,27.51,57,43.14,0.09,45.1,150,15.85,5.5,95.25
west bengal,Murshidabad,4.7,235.3,25.6,45.37,39,58.69,1.22,74.72,460,87.24,8.76,96.81
bihar,Nawada,4.93,115.3,90.8,59.73,25,49.35,0.04,48.36,67.5,57.88,5.5,97.36
andhra pradesh,Nellore,5.27,124.51,73.1,72.74,99,26.06,0,27.81,0,45.12,5.6,89.27
andhra pradesh,Prakasam,5.23,102.04,26.8,55.76,99,32.45,2.2,32.47,0,44.64,8,84.39
uttar pradesh,Pratapgarh-UP,4.87,177.42,42.4,76.26,11,78.63,0.07,45.97,0,73.53,6.8,97.03
jammu and kashmir,Pulwama,4.77,162.98,68.8,38.94,0,27.2,0,55.42,235,0.59,8.9,98.09
chhattisgarh,Raigarh-C,5.12,110.5,23.1,61.41,100,40.94,0.11,38.77,0,54.4,7.24,87.5
chhattisgarh,Rajnandgaon,5.21,149.97,32.1,51.6,96,69.7,0.56,46.17,0,13.01,6.8,82.53
maharashtra,Ratnagiri,5.16,111.54,3.1,60.65,98,17.3,0.07,37.16,155,74.76,6.8,82.68
jammu and kashmir,Reasi,4.56,168.07,5.3,37.14,0,21.91,0,15.88,235,6.24,8.1,93.94
madhya pradesh,Rewa,5.1,185.97,38.8,74.28,60,54.65,0.47,62.07,135,63.45,11.3,85.09
jammu and kashmir,Shupiyan,4.61,103.29,58.5,45.62,27,14.9,0,53.04,235,0.8,8.11,97.4
madhya pradesh,Sidhi,5.13,184.7,34.3,70.53,70,36.11,0.11,35.01,135,65.19,10.15,82.05
maharashtra,Sindhudurg,5.17,102.46,12,62.07,99,43.33,0.15,32.26,155,43.07,6.77,87.29
chhattisgarh,Surajpur,5.14,109.45,10.2,43.86,100,66.38,0.02,30.46,0,26.68,7.45,80.95
uttarakhand,Tehri Garhwal,4.77,141.86,0,42.74,0,0,2.94,9.69,285,0.65,11.83,95.09
uttarakhand,Uttarkashi,4.6,141.81,0,35.83,18,0,0.04,3.55,285,1.57,13.28,90.1
gujarat,Valsad,5.27,118.64,41.8,69.51,100,26.56,0.88,54.93,60,64.23,7.02,82.82
andhra pradesh,Visakhapatnam,5.02,117.78,42.5,59.05,85,41.05,1.81,23.16,0,24.54,5.1,92.51
maharashtra,Hingoli,5.3,124.79,40.7,64.78,74,36.41,1.56,78.85,155,91.22,10.64,76.43
maharashtra,Osmanabad,5.29,129.5,15.3,68.6,100,62.01,2,85.54,155,85.74,7.06,73.11
kerala,Alappuzha,5.34,126.13,44.6,23.06,100,39.33,0.13,61.13,195,61.87,3.7,99.48
odisha,Baleshwar,4.92,121.29,27.9,28.71,65,58.07,0.83,55.58,150,56.29,3.8,97.99
jammu and kashmir,Baramulla,4.5,101.79,45.2,27.6,100,13.86,0,59.28,235,0.79,2.8,96.55
uttar pradesh,Bareilly,4.8,193.38,93.3,74.08,3,71.62,0.6,73.24,0,60.5,5.12,93.71
uttar pradesh,Basti,4.74,178.85,95.4,72.75,9,65.63,0.83,70.78,0,89.66,4.33,95.63
chhattisgarh,Bemetara,5.2,177.3,51.2,53.17,100,93.18,8.44,79.15,0,30.25,8.12,85.09
tamil nadu,Chennai,5.37,115.04,0,61.79,0,127.47,0,0.86,0,40.43,5.5,0
uttar pradesh,Chitrakoot,5.01,115.95,51.9,68.47,17,82.32,0.25,48.69,0,47.57,11.65,88.04
andhra pradesh,Chittoor,5.34,116.41,43,62.03,99,56.11,4.69,24.58,0,74.1,5.5,91.65
west bengal,Dakshin Dinajpur,4.51,228.01,18.4,47.05,63,60.09,4.86,84.13,460,63.25,6.62,93.88
karnataka,Davanagere,5.44,127.79,43.7,62.22,100,88.91,0.27,72.48,0,37.85,6.25,80.18
tripura,Dhalai,4.6,182.37,24.8,34.6,100,6.99,0,9.82,405,13.51,3.42,96.1
assam,Dhemaji,3.97,142.59,1.2,23.65,2,5.07,0.26,23.1,465,70.2,3.46,87.03
chhattisgarh,Durg,5.22,140.01,69.9,48.89,100,76.19,0.83,64.06,0,27.06,7.4,86.73
kerala,Ernakulam,5.15,117.17,18.6,42.52,100,49.63,2.05,47.13,195,49.48,5.01,99.26
uttar pradesh,Etah,4.86,170.04,92.8,76.94,6,72.94,0.39,78.3,0,62.53,9.7,93.38
odisha,Jagatsinghapur,4.33,136.94,41.1,36.76,87,57.48,0.4,51.56,150,6.3,2.5,97.32
jammu and kashmir,Jammu,4.66,161.26,62.5,66.56,0,34.62,0.05,43.78,235,21.07,6.9,93.45
chhattisgarh,Kabeerdham,5.08,163.83,52.2,58.64,94,65.42,0.86,41.85,0,23.2,9.9,84.98
kerala,Kannur,5.1,115.15,8.8,39.68,98,49.75,0.34,62.6,195,53.86,7.8,99.14
uttar pradesh,Kanpur Nagar,4.89,175.79,68,77.1,33,78.16,0.4,63.04,0,73.04,7.7,92.46
kerala,Kozhikode,5.19,131.02,4.1,50.8,96,61.7,0.69,61.2,195,52.17,5.8,99.57
jammu and kashmir,Kupwara,4.27,100,49.2,39.12,100,18.04,0.01,69.09,235,0.77,3.9,97.7
assam,Lakhimpur,4.08,181.01,8.3,26.46,0,9.58,0.29,41.6,465,50.56,2.5,85.17
uttar pradesh,Mainpuri,4.89,167.69,100,79.13,5,71.96,0.11,72.36,0,74.21,5.89,95.47
west bengal,Maldah,4.58,209.03,23.5,45.76,76,35.57,1.43,62.41,460,83.51,5.3,96.31
telangana,Nalgonda,5.32,132.04,47.8,69.31,100,41.34,0.91,70.82,0,60.16,7.3,85.97
uttar pradesh,Pilibhit,4.78,170.95,97.8,69.91,24,64.78,0.33,61.05,0,69.01,4.02,87
uttar pradesh,Rae Bareli,4.89,167.63,89.2,80.4,16,58.71,0.82,57.92,0,66.99,5.93,95.84
chhattisgarh,Raipur,5.18,116.98,77.2,46.72,98,61.56,1.4,56.59,0,20.12,5.9,88.19
karnataka,Ramanagara,5.38,105.12,22.7,50.36,100,95.77,1.04,48.7,0,72.12,7.3,93.69
bihar,Samastipur,4.69,172.45,77,53.29,44,68.85,0.46,64.19,67.5,65.17,5.4,97.83
uttar pradesh,Sitapur,4.8,150.69,88.1,73.43,3,60.04,0.38,76.93,0,86.02,6.15,94.19
sikkim,South Sikkim,3.84,,7.4,13.34,0,7.2,0.02,,0,0.01,5.1,80.16
tripura,South Tripura,4.61,197.96,25.8,41.68,100,6.21,0,27.23,405,17.13,2.9,97.56
jammu and kashmir,Srinagar,4.44,133,70.6,48.4,0,78.21,0,60.46,235,0.82,7.4,98.76
uttar pradesh,Sultanpur,4.85,166.08,85.7,73.95,39,61.67,3.02,67.88,0,70.54,7.01,97.44
tamil nadu,Thoothukkudi,5.3,103.32,17.2,71.48,96,38.88,279.47,46.48,0,45.48,5.05,82.87
tamil nadu,Tiruchirappalli,5.59,113.77,46.3,66.74,87,73.94,11.37,36.37,0,58.7,7.89,93.64
tamil nadu,Tirunelveli,5.19,123.36,63.7,59.91,96,43.68,87.07,18.37,0,40.37,5.77,93.94
jammu and kashmir,Udhampur,4.53,193.55,14.1,26.7,0,23.95,0.03,15.15,235,2.72,3.8,89.32
arunachal pradesh,Upper Subansiri,3.25,137.67,19.3,11.39,0,0.18,0,28.19,290,7.49,4.69,19.26
andhra pradesh,West Godavari,5.1,167.15,91.7,62.74,98,10.99,10.33,48.39,0,49.92,5.4,92.03
sikkim,West Sikkim,3.58,,0,12.64,0,6.63,0.02,,0,0,4.94,82.17
maharashtra,Akola,5.31,118.2,8.1,65.7,90,65.59,0.38,81.47,155,92.76,14.8,75.29
gujarat,Anand,5.53,211.44,95.5,79.32,20,22.84,1.29,70.26,60,61.94,14.9,89.46
madhya pradesh,Ashoknagar,5.2,197.84,45.6,70.12,90,63.02,4.46,65.75,135,60.8,8.6,63.87
karnataka,Bangalore Rural,5.38,106.37,19.5,51.08,1,154,0.01,55.9,0,74.12,12.1,92.77
rajasthan,Barmer,5.57,114.06,22,77.45,44,132.25,0.03,58,167,96.11,31.9,25.41
assam,Barpeta,4.4,139.37,37.6,35.36,0,36.48,0.46,59.47,465,92.65,2.59,79.82
madhya pradesh,Barwani,5.29,172.05,45.8,78.59,79,71.38,0.09,43.66,135,38.78,10.7,71.56
madhya pradesh,Betul,5.24,179,32.2,70,86,49.65,0.62,45.78,135,58.65,9.9,68.71
madhya pradesh,Bhind,4.98,146.82,55.1,58.69,78,32.65,0.28,76.33,135,54.75,15,76.38
chhattisgarh,Bijapur,5.37,100.07,6.1,41.95,91,7.99,0.06,12.37,0,31.17,5,47.99
arunachal pradesh,East Kameng,3.56,127.47,14.3,27.68,0,1.27,0.02,54.09,290,26.47,2.57,21.62
uttar pradesh,Etawah,4.93,171.2,80.6,76.45,22,50.48,4.15,62.6,0,56.23,14.15,89.88
uttar pradesh,Farrukhabad,4.86,140.94,93.8,74.42,5,74.12,0.19,78.67,0,88.05,10.7,94.42
karnataka,Gulbarga,5.34,118.44,12.5,48.77,100,41.06,0.05,81.33,0,43.01,6.4,61.75
madhya pradesh,Gwalior,5.1,187.8,59.7,67.74,100,31.42,0.52,46.66,135,34.65,13.6,78.7
madhya pradesh,Hoshangabad,5.25,253.85,72.5,76.35,97,25.86,0.19,49.16,135,46.42,8.07,69.19
rajasthan,Jaisalmer,5.58,140.23,43.1,82.86,27,362.01,0.01,20.81,167,20.99,34.02,10.12
uttar pradesh,Kanpur Dehat,4.93,147.58,72.1,77.15,14,74.12,0.45,71.1,0,62.99,15.2,92.32
himachal pradesh,Kinnaur,4.54,130.05,0,31.11,98,0,0.09,1.4,30,0,12.51,83.02
west bengal,Kolkata,4.65,,0,,68,0,12.83,,460,0,13.21,0
chhattisgarh,Koriya,5.2,110.46,7.4,43.43,100,39.04,0.13,15.93,0,30.65,6.9,74.25
arunachal pradesh,Longding,4.04,116.85,0,19.3,0,0,0.03,22.38,290,0.6,4.43,29.33
nagaland,Mon,4.08,122.49,13.6,23.28,0,3.68,0.14,23.53,320,0.22,2.5,14.17
maharashtra,Nashik,5.34,118.99,51,69.81,100,58.41,3,47.55,155,69.92,7.49,76.81
andaman and nicobar,Nicobar Islands,5.03,140.67,0,81.98,100,0.28,0.01,0.17,175,0.57,-1.28,42.04
tripura,North Tripura,4.63,178.47,24.8,34.69,100,12.11,0,15.52,405,30.85,2.28,95.88
maharashtra,Palghar,5.25,,5.4,62.35,100,23.85,0.29,,155,71.97,9.7,78.89
gujarat,Panch Mahals,5.42,130.48,42.6,74.6,100,21.81,0,54.63,60,72.14,9.2,76.95
madhya pradesh,Panna,5.19,167.89,34.6,70.1,100,36.48,0.59,36.68,135,55.65,9.5,79.19
nagaland,Phek,4.22,139.93,30,33.61,0,2.41,0.01,17.6,320,0.1,3.28,29.82
jharkhand,Ramgarh,5.03,127.16,13.8,40.89,10,62.3,131,12.55,95,72.83,5.9,76.78
uttarakhand,Rudraprayag,4.73,160.84,0,39.71,0,0,0,7.92,285,0.5,15.55,92.91
madhya pradesh,Satna,5.16,176.86,39.4,72.6,99,65.59,0.65,50.58,135,73.14,10.19,84.36
himachal pradesh,Shimla,4.8,119.52,0,38.78,98,0,0.01,13.79,30,5.7,11.9,88.01
himachal pradesh,Sirmaur,4.72,189.17,38.5,52.77,0,21.84,1.29,17.11,30,20.99,10.71,71.08
meghalaya,South Garo Hills,4.36,127.65,39.7,29.42,0,1.17,0.7,10.11,300,54.66,4.8,73.77
gujarat,Tapi,5.31,130.32,48.4,75.48,100,32.88,1.05,48.07,60,36.44,7.6,66.38
nagaland,Tuensang,4.09,130.14,13.7,27.02,0,3.73,0.01,23.68,320,0.04,2.86,9.65
arunachal pradesh,Upper Siang,3.3,130.5,0,9.31,0,0,0,45.22,290,0,7.41,43.47
maharashtra,Wardha,5.27,122.73,9.5,66.34,100,53.55,0.44,59.6,155,90.36,7.3,62.87
maharashtra,Washim,5.32,142.35,9.9,62.1,99,60.2,0.41,64.24,155,88.08,9.9,75.18
meghalaya,West Khasi Hills,4.34,140.51,72.2,28.29,0,1.55,0.4,3.59,300,0.1,1,78.37
nagaland,Wokha,4.37,145.41,19.8,31.13,0,2.35,0.01,22.7,320,10.78,4.1,6.74
uttar pradesh,Budaun,4.82,191.76,72.9,78.69,13,83.11,0.22,83.79,0,53.12,12.3,93.34
jharkhand,Giridih,4.97,384.01,17.8,42.12,4,37.75,0.72,8.54,95,56.57,7.9,94.32
arunachal pradesh,Lower Dibang Valley,3.4,141.27,13.6,16.96,0,0.19,0,80.5,290,0.16,5.93,14.53
maharashtra,Mumbai Suburban,5.25,,0,56.33,100,0,0,0,155,0,8.7,0
tamil nadu,Perambalur,5.27,107.61,29.2,60.15,96,109.39,1.02,58.28,0,70.19,6.52,94.43
uttar pradesh,Bahraich,4.79,162.47,51.8,67.32,82,59.99,0.32,64.13,0,47.69,4,95.42
rajasthan,Bundi,5.35,184.25,59.7,78.33,48,102.17,0,46.04,167,54.02,4.58,73.94
karnataka,Dharwad,5.38,161.7,12.4,64.54,100,56.24,0.04,80.52,0,48.12,9.1,65.87
maharashtra,Dhule,5.34,125.06,25.2,74.64,98,51.77,1.51,48.99,155,79.32,8.18,71.35
maharashtra,Garhchiroli,5.23,133.64,30.8,66.39,100,24.37,0.21,9.55,155,28.02,6.16,73.02
haryana,Hisar,4.87,195.68,90.4,81.85,62,88.17,0,82.89,10,30.53,9.07,60.48
bihar,Jehanabad,4.91,188.35,78.3,63.04,2,82.21,0.17,38.53,67.5,61.3,4.8,97.55
haryana,Jhajjar,4.84,199.83,91.7,80.61,99,54.14,0.07,69.86,10,53.16,3.2,75.37
rajasthan,Kota,5.29,191.2,55.4,73.42,100,105.44,8.11,51.85,167,53.77,6.52,66.71
madhya pradesh,Narsimhapur,5.27,192.27,61.8,77.19,97,66.95,0.14,60.74,135,83.65,9.5,71.98
madhya pradesh,Raisen,5.22,185.61,62.5,74.95,91,53.67,0.32,51.29,135,59.11,8.8,63.81
gujarat,Surat,5.33,109.79,76.9,81.89,100,39.9,0.6,50.47,60,36.39,6.8,72.56
tamil nadu,Thiruvarur,5.39,190.91,69.5,54.87,93,66.07,7.34,73.92,0,10.73,4.15,88.57
rajasthan,Tonk,5.3,157.71,43,63.05,98,101.98,9.03,66.06,167,87.33,7.3,61.92
madhya pradesh,Vidisha,5.22,196.66,45.5,70.76,83,64.4,0.66,73.81,135,58.71,8.68,62.86
uttar pradesh,Amethi,4.8,172.02,89.1,73.82,5,64.61,0.44,60.69,0,67.01,6.68,96.52
uttarakhand,Bageshwar,4.9,176.56,0,44.96,0,0,0.08,10.16,285,0,19.34,99.62
uttar pradesh,Ballia,4.78,163.18,80.8,72.75,2,63.71,0.19,72.46,0,68.64,6,94.56
odisha,Bauda,5.14,106.89,40.5,34.58,87,45.23,0,35.93,150,7.93,4.9,89.82
uttar pradesh,Bijnor,4.79,138.27,96.6,72.76,5,71.85,0.58,68.38,0,81.12,7.9,89.01
himachal pradesh,Bilaspur-HP,5.18,113.35,44.4,44.55,99,0,0.07,45.2,30,28.04,8.55,91.25
maharashtra,Buldana,5.33,131.56,6.2,65.67,100,76.95,0.36,59,155,94.31,10.5,80.06
himachal pradesh,Chamba,4.2,176.06,0,26.92,65,0,0.05,5.7,30,1.61,6.76,93.52
rajasthan,Dungarpur,5.49,156.18,25,78.22,91,59.85,0.08,34.25,167,54.72,6.75,86.53
arunachal pradesh,East Siang,3.48,162.4,16,13.02,0,0.32,0,58.83,290,0.72,8.8,16.22
uttar pradesh,Fatehpur,4.95,154.21,74.8,76.88,18,72.41,0.11,70.49,0,93.52,10,92.43
odisha,Gajapati,4.95,116.93,58,37.02,50,35.92,0.17,19.39,150,12.97,4.7,90.97
tripura,Gomati,4.59,182.5,26.6,36.8,100,5.92,0,27.05,405,16.8,3.6,93.83
uttar pradesh,Hardoi,4.83,159.2,81.9,76.46,41,61.99,0.37,70,0,67.73,5.6,94.88
kerala,Idukki,4.83,125.17,17.8,47.51,99,54.21,1.84,46.9,195,40.39,5.24,97.44
madhya pradesh,Jabalpur,5.24,207.71,61,74.07,97,51.31,0.09,53.75,135,66.54,11.5,80.29
meghalaya,Jaintia Hills,4.23,100.68,63.3,32.2,0,1.22,0.27,3.19,300,0,1,
odisha,Kandhamal,5.05,102.02,5.4,30.55,77,30.23,0,10.48,150,14.57,7.49,95.35
himachal pradesh,Kangra,4.54,191.23,34.8,32.15,69,23.27,0.05,17.73,30,27.04,4.8,90.75
tamil nadu,Kanniyakumari,5.26,108.69,37.2,52.26,94,15.55,264.5,43.7,0,9.19,6.01,99.46
jammu and kashmir,Kishtwar,3.2,123.56,15.8,38.6,0,15.17,0,14.7,235,1.8,12.43,96.44
nagaland,Kohima,4.32,136.12,25.3,34.44,41,5.84,0,21.17,320,0.05,4.5,11.71
kerala,Kollam,5.11,110.41,6.3,39.21,99,51.93,1.53,49.25,195,46.1,7.47,99.84
arunachal pradesh,Kurung Kumey,2.77,123.17,0,18.09,0,0,0,21.58,290,0.22,3.33,34.82
kerala,Malappuram,5.04,130.78,18.6,52.82,98,71.55,0.38,49.59,195,48.04,8.3,99.39
uttar pradesh,Mirzapur,5.03,168.2,72.7,72.59,47,62.7,0.29,46.88,0,58.51,7.9,89.66
nagaland,Mokokchung,4.21,142.29,15.9,28.19,0,1.25,0.05,20.72,320,1.38,2.6,25.92
madhya pradesh,Morena,5.15,189.42,57.6,59.31,83,40.13,0.68,55.95,135,69.03,18.3,87.12
maharashtra,Mumbai City,5.3,,0,,100,0,0,,155,0,4.1,0
tamil nadu,Namakkal,5.44,140.84,40.8,73.16,69,119.19,0.22,45.48,0,77.15,8.39,88.65
gujarat,Navsari,5.32,134.29,75.3,77.09,91,27.14,1.71,44.5,60,40.77,7.6,83.15
jammu and kashmir,Poonch,4.62,166.38,13.2,33.4,99,14.77,0,23.25,235,22.28,4.03,90.26
tamil nadu,Ramanathapuram,5.5,104.45,43.5,62.61,91,6.54,6.46,45.27,0,13.41,5.7,94.2
uttar pradesh,Sambhal,4.8,178.27,73.9,71.76,30,87.28,0.9,82.35,0,75.84,4.48,93.66
uttar pradesh,Sant Ravi Das Nagar,4.96,163.61,85.4,74.19,2,79.79,0,62.29,0,66.24,7.64,98.64
odisha,Subarnapur,5.1,135.79,59.6,36.68,83,48.78,0.46,53.68,150,11,3.81,89.03
maharashtra,Thane,5.17,110.22,5.4,64.31,100,19.07,0.17,38.16,155,75.59,4.5,82.54
tamil nadu,Thanjavur,5.44,167.18,90.3,57.97,85,102.85,38.69,58.28,0,18.48,5.5,93.32
karnataka,Tumkur,5.53,114.64,31.5,58.88,100,91.77,0.87,54.49,0,76.84,9.8,82.36
uttar pradesh,Unnao,4.87,164.81,81.8,78.57,9,61.31,0.53,67.44,0,80.22,6.19,95.65
uttar pradesh,Varanasi,4.96,162.5,84.1,74.65,13,87.78,0.07,66.59,0,76.45,9,99.1
tripura,West Tripura,4.59,188.76,24.4,36.33,100,21.21,0,31.96,405,34.4,5.1,97.87
andhra pradesh,Y.S.R.,5.19,106.91,48.5,68.42,99,33.85,1.58,22.2,0,80.76,6.9,84.83
maharashtra,Amravati,5.25,129.83,9,65.6,60,91.83,0.68,54.9,155,90.92,10.03,74.53
karnataka,Bangalore,5.33,125.82,28.4,49.94,8,150.84,0,16.97,0,72.78,10.4,93.38
gujarat,Bharuch,5.38,107.74,51,75.54,100,30.91,0.93,59.02,60,52.17,5.7,66.35
rajasthan,Bhilwara,5.48,157.25,36.5,77.51,96,163.3,64.41,41.78,167,82.98,10.9,76.8
rajasthan,Bikaner,5.34,122.47,46.3,77.4,40,137.21,0,51.81,167,28.94,36.7,12.44
madhya pradesh,Datia,5.1,196.13,65.8,72.48,100,36.05,0.4,72.35,135,50.44,13.1,77.06
madhya pradesh,Dhar,5.32,212.08,51,75.49,100,65.4,0.95,61.86,135,58.71,10.4,70.96
madhya pradesh,East Nimar,5.26,186.21,44,74.64,84,41.48,0,40.98,135,79.42,7.9,67.22
jharkhand,Gumla,5.12,125.7,5.8,35.93,37,17.84,0.46,24.65,95,75.55,5.5,77.87
karnataka,Haveri,5.39,145.18,28,62.22,100,60.99,0.39,77.6,0,57.16,10.7,76.04
maharashtra,Latur,5.3,117.04,50.7,65.51,99,54.88,2.45,81.57,155,91.9,9.9,78.03
rajasthan,Pali,5.58,126.88,21.3,76.12,90,159.03,0.75,51.16,167,96.76,7.8,54.14
madhya pradesh,Sagar,5.2,185.96,41,71.1,97,59.29,0.21,56.17,135,65.45,10.4,76.08
chhattisgarh,Sukma,5.13,100.57,1,45.22,92,4.12,0,16.61,0,36.45,5.15,46.18
madhya pradesh,West Nimar,5.29,187.54,71.3,78.4,91,45.93,0,50.85,135,69.51,7.8,71.4
arunachal pradesh,West Siang,3.32,120.04,43.9,12.35,0,0.16,0,49.85,290,11.37,6.13,40.06
maharashtra,Yavatmal,5.28,121.14,4.3,66.42,100,33.75,0.85,56.31,155,86.46,8.09,59.89
uttar pradesh,Azamgarh,4.82,179.73,96.5,75.92,18,61.14,0.66,67.68,0,81.77,5.98,96.21
uttar pradesh,Barabanki,4.81,288.25,93.2,69.04,30,63.13,0.75,67.48,0,71.75,6.34,96.27
uttar pradesh,Bulandshahr,4.83,176.16,100,78.99,30,95.56,0.09,82.03,0,78.22,8.9,90.58
uttar pradesh,Chandauli,4.9,184.8,92.3,72.26,27,54.92,0,53.45,0,42.8,5.28,94.42
uttar pradesh,Ghazipur,4.87,171.3,88.3,73.3,33,59.18,0.13,78.18,0,62.82,6.3,95.77
himachal pradesh,Hamirpur,4.75,201.78,4.6,42.73,99,75.5,0.05,29.16,30,14.89,5.6,88.31
uttarakhand,Hardwar,4.76,144.47,95.5,64.81,0,65.4,0.25,46.5,285,81.15,6.4,89.32
uttar pradesh,Kasganj,4.83,192.95,85.1,75.45,16,67.65,0.1,72.55,0,58.2,5.4,92.77
uttar pradesh,Kushinagar,4.6,165.34,89.7,73.42,88,51.18,0.53,72.98,0,69.42,3,97.14
uttar pradesh,Lakhimpur Kheri,4.76,142.94,92.7,72.91,1,60.79,0,62.62,0,84.03,4.3,92.34
uttar pradesh,Mau,4.79,165.66,96.9,75.73,11,64.62,0.75,69.8,0,82.36,5.61,97
tamil nadu,Nagappattinam,5.46,162.65,61,57.37,83,0,4.59,48.49,0,14.41,6.13,90.53
kerala,Palakkad,5.08,132.96,34.4,45.82,93,59.75,1.35,44.83,195,36.21,8.5,98.15
uttar pradesh,Saharanpur,4.76,161.1,95.2,69.41,34,100.62,0,72.79,0,82.93,9.64,83.24
uttar pradesh,Shahjahanpur,4.82,124.97,93.3,74.24,87,64.06,0.61,79.4,0,62.62,7.7,91.5
karnataka,Shimoga,5.28,131.94,62,51.74,100,40.62,3.49,29.34,0,28.31,7.6,87.04
telangana,Adilabad,5.27,143.01,26.2,64.45,100,28.28,0.05,50.17,0,51.89,6.9,80.9
madhya pradesh,Agar Malwa,5.33,199.1,41,71.26,97,89.94,1.35,68.56,135,80.26,10.31,74.41
uttar pradesh,Aligarh,4.86,183.93,85.8,75.13,60,80.41,0.22,82.14,0,78.06,7.8,86.55
gujarat,Amreli,5.53,135.25,37.4,78.71,100,50.38,0.51,76.12,60,99.15,14.4,60.15
uttar pradesh,Amroha,4.79,170.54,87.3,76.05,14,91.75,0,72.12,0,88.13,12.5,90.13
uttar pradesh,Baghpat,4.79,160.44,100,76.91,16,97.12,0.54,79.68,0,88.53,22,86.97
gujarat,Bhavnagar,5.49,139.36,37.9,79.11,100,42.78,0.66,66.78,60,99.34,12.4,67.51
karnataka,Bidar,5.29,143.54,7.7,57.29,99,58.63,0.95,71.09,0,91.02,8.1,73.87
gujarat,Botad,5.56,129.69,33.5,80.54,100,50.26,0.51,80.06,60,97.62,9.92,56.94
arunachal pradesh,Changlang,3.73,128.69,24.6,25.11,77,0.48,0,33.93,290,10.15,3.5,49.63
madhya pradesh,Chhindwara,5.25,174.93,33.4,72.12,88,63.24,0.72,43.3,135,68.66,12.4,72.21
gujarat,Chhota Udaipur,5.37,120.02,62.9,74.47,100,39.95,1.09,63.06,60,86.16,9.24,71.72
karnataka,Chitradurga,5.46,128.68,26.3,67.62,100,132.25,0.2,58.24,0,82.65,11,71.58
madhya pradesh,Damoh,5.21,198.79,36.4,70.83,98,58.48,0.13,44.25,135,60.64,10.6,78.54
madhya pradesh,Dewas,5.26,206.32,51.3,71.63,73,80,3.28,58.61,135,85.27,12.4,72.4
chhattisgarh,Dhamtari,5.1,146.1,71.4,47.56,100,78.22,0.51,34.67,0,20.22,7.3,89.24
uttarakhand,Garhwal,4.82,141.69,0,44.69,94,0,0,6.03,285,17.05,12.97,95.27
madhya pradesh,Guna,5.25,197.78,47.2,69.81,100,64.96,1.09,53.65,135,61.36,12.1,70.01
uttar pradesh,Hathras,4.87,171.14,87.5,67.73,1,93.83,0.43,82.91,0,78.3,11.6,88.91
west bengal,Hugli,4.77,245.76,24.7,43.41,85,53.74,2.98,67.3,460,61.15,11.32,98.15
rajasthan,Jaipur,5.24,157.45,35.2,70.57,92,225.93,0.1,57.1,167,99.13,34.26,72.05
tamil nadu,Kancheepuram,5.3,150.7,95.8,58.97,95,50.55,56.91,23.16,0,42.68,4.71,94.4
telangana,Karimnagar,5.33,178.26,81.8,68.03,99,27.79,0.51,68.2,0,62.59,8.75,92.7
bihar,Katihar,4.57,172.52,75.3,43.27,4,53.22,0.26,45.22,67.5,91.26,4.6,97
madhya pradesh,Katni,,182.79,62.6,75.65,99,47.12,1.35,51.1,135,61.79,10.1,84.32
karnataka,Kolar,5.45,116.06,13,52.57,98,172.8,1.43,56.1,0,78.46,12.3,92.52
arunachal pradesh,Lohit,3.61,163.93,9,16.64,83,0.37,0.01,68.94,290,5.08,3.3,53.87
gujarat,Mahisagar,5.45,167.96,57.1,79.05,100,47.18,1.23,49.53,60,72.18,8.81,78.8
uttar pradesh,Mathura,4.89,153.63,82.8,79.38,36,71.42,0.09,80.54,0,59.9,5.53,76.29
uttar pradesh,Muzaffarnagar,4.78,145.03,100,73.91,19,76.27,0.33,72.99,0,82.1,13.27,87.04
uttarakhand,Nainital,4.8,166.46,54.6,58.91,18,55.26,0,9.5,285,28.65,23.5,87.48
madhya pradesh,Neemuch,5.49,203.35,41.6,71.56,83,99.23,0.61,44.16,135,82.19,10.33,82.02
telangana,Nizamabad,5.36,186.03,87.6,66.38,100,54.89,12.8,53.83,0,70.41,10.58,91.04
haryana,Palwal,4.85,120.4,98,82.47,100,94.36,1.4,76.81,10,73.58,7.8,80.18
rajasthan,Pratapgarh,4.9,177.42,42.4,72,100,128.5,0.15,45.97,167,57.52,7.14,80.31
puducherry,Puducherry,5.48,198.08,89.3,70.56,0,81.68,6.59,32.76,0,85.14,8,94.75
tamil nadu,Pudukkottai,5.37,110.04,84.2,61.67,96,49.34,41.57,31.03,0,30.28,7,93.9
gujarat,Rajkot,5.58,167.63,42.2,79.24,100,62.85,0.47,65.98,60,98.8,9.6,66.56
uttar pradesh,Rampur,4.8,189.65,96.2,69.07,22,74.65,0.25,79.85,0,89.45,6.8,89.92
telangana,Ranga Reddy,5.34,119.6,29,67.58,100,52.42,1.27,45.32,0,90.45,10.9,85.98
tamil nadu,Salem,5.41,146.06,43.1,62.75,71,135.64,0.28,40.96,0,80.85,10.21,92.85
uttar pradesh,Sant Kabir Nagar,4.71,188.79,50.3,71.44,9,63.24,0.99,69.25,0,80.37,4.62,95.92
uttar pradesh,Shamli,4.65,159.99,100,73.73,7,103.48,0.06,83.1,0,84.2,17.37,88.96
madhya pradesh,Sheopur,4.6,194.76,61.6,73.24,99,38.47,0.06,25.81,135,50.09,15.8,72.72
madhya pradesh,Shivpuri,5.22,189.91,39.6,73,97,67.67,0.78,47.57,135,69.23,13.23,74.72
uttar pradesh,Shravasti,4.8,173.68,44.3,69.73,79,57.14,0.31,64.46,0,73.85,3.4,94.03
rajasthan,Sikar,5.21,140.87,37.2,69.27,53,192.11,13.97,65.6,167,99.18,49,67.46
rajasthan,Sirohi,5.59,135.13,57.9,74.64,45,116.95,1.73,33.28,167,97.92,12.3,64.56
tamil nadu,Sivaganga,4.23,100.64,65.4,57.46,94,28.63,4.1,26.66,0,17.62,10.64,94.64
madhya pradesh,Tikamgarh,5.2,199.46,41.8,73.51,100,81.83,0.85,62.26,135,73.1,10.46,78.78
tamil nadu,Tiruvannamalai,5.34,155.96,80.6,58.79,97,80.19,52.74,38.65,0,76.01,5.45,95.39
karnataka,Udupi,5.22,139.92,29.6,51.58,100,33.75,1.81,30.7,0,70.97,7.5,92.22
madhya pradesh,Ujjain,5.31,199.92,44.8,71.13,62,108.83,0.72,83.97,135,80.64,11.26,68.68
himachal pradesh,Una,4.7,193.44,32.9,45.17,0,61.82,0.37,25.99,30,89.82,7.2,85.29
west bengal,Uttar Dinajpur,4.47,199.39,31.4,39.09,42,46.86,0.91,87.33,460,95.2,3.7,95.13
bihar,Vaishali,4.73,148.15,68,62.16,100,69.46,0.38,58.06,67.5,88.31,5.9,98.19
tamil nadu,Virudunagar,5.41,105.16,36.6,62.57,94,56.75,11.14,32.8,0,65.31,8.22,89.64
jammu and kashmir,Doda,4.2,124.91,8.7,31.9,97,47.37,0,15.97,235,1.87,8.43,94.83
gujarat,Kheda,5.51,167.84,90.9,79.61,100,40.34,1.03,79.15,60,61.07,10.6,85.74
tamil nadu,Krishnagiri,5.47,144.36,36.3,58.7,93,86.17,0.83,32.81,0,76.64,9.75,94.1
telangana,Medak,5.35,134.73,62,69.64,100,47.06,0.63,54.08,0,81.09,14.7,91.26
west bengal,North 24 Parganas,4.68,224.12,25.8,41.98,11,67.9,1.73,59.69,460,94.13,5.1,98.07
west bengal,Purba Medinipur,4.8,186.39,4.8,43.42,98,36.27,1.23,71.85,460,58.5,14.23,99.63
rajasthan,Rajsamand,5.59,143.1,31.8,80.02,82,123.39,0.33,22.5,167,95.26,9.12,85.38
rajasthan,Udaipur,5.56,147.68,28.9,77.41,81,102.41,3.29,17.41,167,89.24,7.54,84.4
maharashtra,Jalgaon,5.32,122.27,22.3,74.17,99,78.76,0.45,69.22,155,85.3,12.43,76.73
madhya pradesh,Ratlam,5.35,202.01,41.5,72.8,100,135.14,0.52,70.72,135,71.54,17.4,75.09
madhya pradesh,Shajapur,5.28,203.54,42.2,70.67,98,106.9,0.88,84.26,135,72.16,10.18,73.44
uttar pradesh,Allahabad,4.99,178.03,89,75.68,41,73.27,1.07,60.37,0,53.84,7.57,93.37
uttar pradesh,Ambedkar Nagar,4.79,168.82,95.9,74.8,43,62.98,0.6,72.72,0,89.69,6.21,97.61
jammu and kashmir,Anantnag,4.39,150.8,72.8,54.19,93,22.33,0.01,62.77,235,0.47,17.3,99.11
dadra and nagar haveli,Dadra and Nagar Haveli,5.22,0.18,33.5,66.21,45,131.53,0,44.99,110,58.47,7.49,81.93
tamil nadu,Dindigul,5.25,103.42,37.7,65.14,86,114.68,0.17,35.14,0,85.17,9.4,88.02
uttar pradesh,Faizabad,4.8,180.47,92.6,73.29,35,62.57,0,62.04,0,86.32,5.6,96.1
uttar pradesh,Hapur,4.8,163.65,100,76.06,60,98,0.37,76,0,78.99,11.87,91.54
uttar pradesh,Jaunpur,4.88,180.84,82.3,72.42,31,71.31,0.6,68.74,0,70.25,5.5,97.3
uttar pradesh,Kannauj,4.86,188.23,92.8,71.99,3,75.12,0.26,72.74,0,87.53,10.3,95.81
tamil nadu,Karur,5.6,104.91,50.9,73.65,94,99.12,0.53,27.89,0,80,6.52,84.71
jammu and kashmir,Kathua,4.57,195.07,36.2,65.62,100,30.52,0.04,22.61,235,14.55,5.8,88.32
telangana,Khammam,5.17,156.67,68.6,65.05,100,32.39,0.74,60.45,0,38.59,6.78,87.24
jammu and kashmir,Leh (Ladakh),4.1,,100,62.48,0,43.67,0,,235,1.07,20.7,93.74
uttar pradesh,Lucknow,4.81,163.08,93,77.84,10,65.94,0.83,48.37,0,77.17,14.2,95.54
tamil nadu,Madurai,5.34,111.68,52,57.6,78,65.41,136.7,34.72,0,37.03,9.43,95.37
uttar pradesh,Meerut,4.79,149.07,100,67.54,21,77.27,0.38,71.33,0,84.83,13.28,87.34
uttarakhand,Pithoragarh,4.53,175.99,0,35.9,98,0,0,4.67,285,0.04,16.98,98.66
jammu and kashmir,Samba,4.68,185.17,33.4,38.6,100,16.59,0.02,39.52,235,23,6.9,88.32
tripura,Sipahijala,4.58,215.78,22.5,37.59,100,11.73,0,44.39,405,31.65,4.25,95.92
tamil nadu,Thiruvallur,5.3,168.25,95.9,57.7,97,54.89,2.34,28.41,0,63.1,4.74,94.86
kerala,Thrissur,5.15,125.4,43.9,38.84,93,60.94,1.03,44,195,58.53,7.1,99.61
karnataka,Uttara Kannada,5.2,126.14,34.7,59.24,99,32.11,1.27,12.17,0,50.71,7,91.7
telangana,Warangal,5.27,167.26,83.5,65.54,100,56.86,0.61,70.46,0,65.65,8.44,92.42
rajasthan,Bharatpur,4.98,157.58,60,63.88,73,120.76,0.22,77.78,167,97.08,14.7,80.98
madhya pradesh,Bhopal,5.23,197.35,47,71.03,96,78.3,2.34,54.96,135,74.06,11.3,68.48
madhya pradesh,Burhanpur,5.22,168.49,55.1,77.84,99,69.8,0.54,29.85,135,80.57,12.3,70.13
madhya pradesh,Chhatarpur,5.18,199.73,42.1,67.19,94,65.42,1.9,55.09,135,75.36,10.4,74.84
rajasthan,Chittaurgarh,5.49,182.35,46.6,75.88,99,156.43,0.46,44.5,167,92.2,8.8,77.03
rajasthan,Churu,5.14,128.62,20.9,69.8,51,125.84,0,80.94,167,91.71,36.1,20.4
gujarat,Dahod,5.41,178.06,33.2,76.68,100,39.49,1.52,61.23,60,90.36,7,61.74
gujarat,Devbhumi Dwarka,5.57,194.91,23.9,74.25,99,56.5,0.44,59.71,60,92.86,10.67,54.79
rajasthan,Ganganagar,5.04,169.13,89.6,80.43,45,39.53,0,67.51,167,2.67,13,11.01
gujarat,Jamnagar,5.56,156.08,64,77.3,100,36.42,0.49,60.23,60,92.9,9.4,59.03
rajasthan,Jhalawar,5.31,190.09,50.6,69.77,100,116.59,5.77,54.17,167,86.53,5.4,74.64
madhya pradesh,Mandsaur,5.41,196.45,43.6,72.71,100,104.57,0.32,64,135,86.92,15,76.5
haryana,Mewat,4.86,168.42,66.1,77.12,98,80.22,0.03,74.69,10,87.47,5.4,76.92
gujarat,Morbi,5.59,132.2,52.6,77.98,100,45.9,0.9,73.76,60,98.68,13.5,60.33
rajasthan,Nagaur,5.4,125.45,24.7,72.06,85,181.68,0.05,72.9,167,99.9,33.6,38.96
gujarat,Narmada,5.32,122.14,29.1,73.68,100,55.79,0.54,41.17,60,82.99,9.7,65.32
madhya pradesh,Rajgarh,4.55,197.43,45.2,71.41,100,89.78,0.98,78.29,135,71.55,12.4,74.2
gujarat,Sabar Kantha,5.51,145.55,73.4,80.42,40,71.31,0,64.01,60,98.12,13.2,76.98
madhya pradesh,Sehore,5.23,213.68,53.5,73.07,98,61.78,0.74,61.73,135,66.67,11.9,67.13
haryana,Sirsa,4.93,194,97.6,82.96,80,148.48,0.01,92.23,10,19.17,13.1,60.15
gujarat,Surendranagar,5.56,144.73,52.3,75.37,100,47.7,0.36,69.85,60,98.23,6.4,46.35
uttarakhand,Almora,4.82,143.2,0,46.23,89,0,0,13.9,285,0.13,21.14,95.62
tamil nadu,Cuddalore,5.33,150.92,59.3,57.04,99,64.14,23.56,57.22,0,54.62,28.5,94.34
uttarakhand,Dehradun,4.76,149.98,52,52.49,100,32.15,0.06,9.28,285,32.11,10.3,88.66
haryana,Fatehabad,4.9,200.96,99,85.6,100,182.46,0.14,87.71,10,36.25,12.06,64.41
uttar pradesh,Firozabad,4.9,178.35,73.7,68.1,67,104.69,0.06,73.29,0,86.67,11.5,89.41
uttar pradesh,Ghaziabad,4.8,150.28,100,76.72,8,123.15,0.36,53.77,0,78.46,11.6,91.8
gujarat,Gir Somnath,5.5,157.57,58.2,84.84,100,45.85,0.68,66.46,60,98.99,9.73,78.45
uttar pradesh,Gonda,4.76,177.23,88.2,70.02,41,60.11,0.29,60.46,0,83.23,5.02,96.5
haryana,Jind,4.83,157.96,99.1,81.22,92,105.27,0.15,92.58,10,43.46,13.2,65.98
uttarakhand,Udham Singh Nagar,4.8,196.29,98.7,63.29,0,57.53,1.51,47.92,285,82.09,5.5,79.25
tamil nadu,Viluppuram,5.38,126.63,68.3,61.69,99,88.2,1367.43,48.31,0,80.99,4.73,95.6
delhi,West,4.68,182.11,0,80.69,56,96.24,0.02,14.84,150,75.73,20.29,81.39
karnataka,Chikballapura,5.52,112.12,26.9,56.52,99,153.82,0.22,49.84,0,78.78,15.9,91.53
karnataka,Chikmagalur,5.2,137.1,16.9,46.79,99,53.2,0.04,42.65,0,48.58,7.4,83.19
karnataka,Dakshina Kannada,5.14,102.89,50,48.13,100,44.78,0,39.83,0,89.88,7.6,91.81
daman and diu,Daman,5.29,102.79,0,,100,158.84,0,89.87,110,0,5.5,97.91
rajasthan,Dausa,5.14,163.25,42.1,70.29,86,233.22,0.05,65.95,167,99.15,30.6,81.17
tamil nadu,Dharmapuri,5.35,149.12,37.9,65.06,98,98.78,0.33,37.09,0,76.84,9.17,95.03
sikkim,East Sikkim,3.86,,15.4,16.62,18,4.38,0.01,,0,0.02,5.67,82.06
jammu and kashmir,Kargil,4.47,,100,19.61,0,25.07,0,,235,0.24,13.79,94.29
west bengal,Koch Bihar,4.34,214.99,15.8,26.58,65,44.68,1.12,77.55,460,91.19,2.93,94.06
lakshadweep,Lakshadweep,5.53,106.81,0,,99,61.72,0,80.63,0,100,4.12,0
gujarat,Aravalli,5.5,166.31,65.6,79.21,91,41.92,1.02,69.02,60,97.76,17.06,71.15
haryana,Bhiwani,4.9,180.93,70.7,76.72,100,106.66,0,89.6,10,61.68,12.6,58.76
madhya pradesh,Indore,5.27,199.3,45.7,70.31,98,119.38,0.36,65.56,135,85.53,16.8,71.89
gujarat,Junagadh,5.51,188.94,58.4,83.36,100,42.26,0.33,63.82,60,99.02,13.5,68.06
gujarat,Vadodara,5.39,124.24,68.2,74.69,100,64.36,1.29,71.82,60,84.63,12,75.3
tamil nadu,Erode,5.23,110.66,65.1,68.28,84,80.18,1.72,28.11,0,52.53,10.5,82.87
jammu and kashmir,Ganderbal,4.26,155.3,79.9,44.36,100,51.67,5.39,32.14,235,0.37,6.39,99.35
kerala,Kasaragod,5.16,102.37,43,38.84,95,72.75,2.49,74.55,195,75.5,10.3,98.19
uttar pradesh,Agra,4.92,167.22,65.9,67.42,99,116.38,0.2,64.4,0,88.01,21.6,84.89
rajasthan,Baran,4.82,192.47,52.9,69.29,88,128.77,1.96,49.22,167,67.03,6,67.07
gujarat,Gandhinagar,5.52,125.41,63.5,79.93,91,92.3,1.03,78.44,60,99.63,78.1,84.14
rajasthan,Jalor,5.57,143.32,45.7,71.35,95,181.46,0.22,62.65,167,97.76,29.31,32.25
rajasthan,Jhunjhunun,5.09,160.99,39.9,68.18,93,216.66,0,65.14,167,99.34,64.34,71.95
rajasthan,Jodhpur,5.56,134.96,47.8,75.59,78,256.74,0.03,61.9,167,96.28,22.62,26.61
karnataka,Kodagu,4.95,165.32,1.3,47.67,100,40.39,1.38,48.75,0,32.62,8.9,67.72
uttar pradesh,Moradabad,4.8,170.64,93.9,73.66,56,88.64,0.12,80.83,0,81.39,10.9,92.82
haryana,Panchkula,4.79,215.17,65.8,57.71,100,63.01,0.13,40.6,10,87.32,10.7,80.18
west bengal,Pashchim Medinipur,4.86,222.91,28,42.54,85,52.95,1,62.77,460,59.5,10.28,97.62
nagaland,Peren,4.35,154.07,29.1,31.52,100,1.59,0.01,17.37,320,0.04,5.01,31.75
gujarat,Porbandar,5.54,193.95,53.1,78.76,100,50.1,0.41,50.17,60,98.24,10.8,67.83
rajasthan,Sawai Madhopur,5.18,160.92,57.8,65.02,69,161.27,0.91,55.62,167,95.02,11.28,73.75
himachal pradesh,Solan,4.77,186.08,24.7,46.07,100,57.09,0.55,17.25,30,58,13.9,76.17
tamil nadu,Theni,5.52,109.63,56.9,57.27,32,75.94,1.19,33.17,0,82.55,10.3,90.58
tamil nadu,Tiruppur,5.6,102.38,61.8,58.61,96,87.01,0.12,36.62,0,59.99,7.2,71.77
telangana,Hyderabad,5.35,,0,,0,93.62,0.21,0,0,93.42,8.8,0
gujarat,The Dangs,5.24,144.52,32.4,68.85,100,10,1.17,31.73,60,77.94,4.8,28.24
haryana,Ambala,4.78,170.98,94.8,65.82,100,123.06,0.32,96.68,10,93.69,8.9,72.13
uttar pradesh,Kaushambi,,161.32,78.9,74.1,26,81.73,0.4,64.97,0,82.46,15.6,94.31
haryana,Sonipat,4.81,215.08,100,79.68,84,100.49,0,71.61,10,50.21,11.19,68.71
rajasthan,Alwar,5.02,182.93,60.7,66.88,100,182.88,0.06,62.57,167,96.99,33.96,84.5
karnataka,Chamrajnagar,5.24,113.5,30.9,59.5,99,96.53,0.01,31.34,0,61.39,9.4,89.64
tamil nadu,Coimbatore,5.33,106.26,65.9,61.47,90,89.03,0.15,35,0,64.7,20.2,75.48
daman and diu,Diu,5.6,102.6,104.9,63.64,99,230.02,0,74.96,110,99.02,5.9,97.87
haryana,Gurgaon,4.86,100.9,99.4,74.65,100,214,0.12,97.77,10,77.39,30.3,79.75
haryana,Kaithal,4.81,202.71,100,80.04,94,193.81,0.04,84.69,10,61.47,24.6,67.08
rajasthan,Karauli,5.13,170.76,46.8,63.68,100,158.04,0.38,38.31,167,93.66,14.87,79.46
haryana,Panipat,4.79,201.39,100,81,98,198.16,0.38,75.27,10,78.73,17,78.57
tamil nadu,Vellore,5.36,129.29,57.6,55.71,92,112.5,1.33,21.59,0,90.99,8.18,95.93
punjab,Barnala,4.84,194.94,100,77.34,0,223.59,0.03,88.81,0,78.38,33.6,0
karnataka,Bijapur-K,5.34,100.07,6.1,57.46,100,40.5,0,12.37,0,79.27,6.6,53.9
gujarat,Kachchh,5.53,127.88,36.6,72.35,99,54.05,0.15,15.07,60,85.21,16.2,42.85
haryana,Mahendragarh,5,187.68,59.5,70.62,82,146.51,0.26,78.47,10,92.63,30.5,72.13
gujarat,Patan,5.52,160.7,47.5,74.97,100,98.74,0.85,57.69,60,98.75,56.1,63.08
uttar pradesh,Gautam Buddha Nagar,4.81,191.23,100,82.86,77,104.79,0,41.06,0,69.93,19.2,91.82
gujarat,Ahmadabad,5.36,135.68,59.3,82.89,100,87.32,0.79,68.92,60,68.88,21.1,58.24
chandigarh,Chandigarh,4.7,155.92,0,64.38,99,75.41,2.63,16.83,260,97.16,28.5,82.82
rajasthan,Dhaulpur,5.03,163.43,55,62.77,100,135.98,0,51.22,167,93.34,13.8,84.79
punjab,Fazilka,4.91,196.62,100,84.87,97,76.21,0.18,87.94,0,48.44,4.94,0
haryana,Karnal,4.78,199.18,100,74.99,95,172.93,0.07,81.4,10,85.67,20.7,65.11
haryana,Kurukshetra,4.78,204.02,100,76.05,93,226.3,0.01,84.85,10,91.76,36.9,70.41
haryana,Rewari,4.92,127.36,97.1,67.08,99,132.81,0,83.37,10,90.77,34.2,73.38
gujarat,Mahesana,5.54,152.94,76.5,77.04,100,108.2,1.33,77.44,60,97.47,36.9,83.67
sikkim,North Sikkim,3.8,,0,12.88,65,2.74,0.01,,0,2.07,6.26,54.87
haryana,Yamunanagar,4.76,196.21,98.7,64.74,100,138.53,0.32,65.75,10,92.77,15.3,72.06
haryana,Faridabad,4.85,410.4,100,83.51,100,200.45,0.27,43.16,10,67.79,27.4,79.9
punjab,Faridkot,4.87,194.57,100,81.17,100,128.8,0.11,86.49,0,36.79,6.8,0
punjab,Bathinda,4.89,190.37,99.8,81.02,100,105,0.19,87.09,0,39.31,15.6,0
punjab,Firozpur,4.86,187.83,100,86.45,99,131.89,0.12,91.5,0,55.12,8.35,0
punjab,Mansa,4.88,199.15,99.7,84.32,96,98.94,0.25,86.22,0,44.44,12.2,0
punjab,Muktsar,4.9,199.12,99.9,84,89,24.13,0.33,86.73,0,36.11,3.16,0
punjab,Patiala,4.79,196.74,99.7,70.36,99,214.72,0.43,80.02,0,95.2,28.2,0
punjab,Pathankot,4.61,198.53,55.2,54.58,100,51.47,0.07,50.33,0,68.13,6.27,0
gujarat,Banas Kantha,5.53,193.22,71.7,68.46,95,115.52,0.69,64.45,60,97.66,39.3,59
punjab,Gurdaspur,4.64,195.9,95.3,54.84,90,141.99,0.27,81.25,0,90.64,7.5,0
punjab,Rupnagar,4.68,189.01,83.2,59.97,60,98.56,0.12,58.08,0,93.7,12.4,0
punjab,Amritsar,4.71,188.21,100,66.69,100,178.11,0.25,83.14,0,78.37,15,33.13
punjab,Ludhiana,4.76,189.42,100,68.72,99,221.04,0.7,81.12,0,94.62,17.9,0
punjab,Sangrur,4.84,199.37,100,77.39,81,313.41,0.24,87.66,0,83.8,33.6,0
punjab,Hoshiarpur,4.68,165.69,93.7,56.7,99,117.58,0.18,59.8,0,95.49,13.6,0
punjab,Kapurthala,4.71,202.21,100,64.14,94,237.4,0.13,79.12,0,97.29,17.6,0
punjab,Tarn Taran,4.75,182.97,100,66.54,100,213.98,0.19,89.99,0,75.91,19.3,0
punjab,Jalandhar,4.71,171.06,100,65.72,95,263.6,0.24,90.8,0,98.87,24.28,0
punjab,Fatehgarh Sahib,4.75,186.4,100,68.66,83,215.61,0.63,88.86,0,97.59,23.5,0
punjab,Moga,4.8,200.11,100,76.7,96,237.22,0.12,86.75,0,75.57,24.9,0
punjab,Shahid Bhagat Singh Nagar,4.71,192.94,96.3,65.88,99,123.24,0,73.84,0,96.41,19.6,0
punjab,Sahibzada Ajit Singh Nagar,4.68,134.61,100,60.39,99,130,0,71.03,0,96.57,18.38,0
west bengal,Barddhaman,4.81,119.96,,,,51.6,0,33.87,460,,8.3,
arunachal pradesh,Dibang Valley,2.9,120.11,,,,0,0,49.16,290,,6.32,
maharashtra,Palghar,,,,,,23.85,0.29,,,,8.04,
