District,Adapt,Mitigate,Replace,General_SI,2Solar_Irra,2CropInten,2IrriInten,2IWU_CWU,2Elect,2GW_dev,2SWArea,2Cul-Land,2El.Subsidy,2GW_share,2WL_m,2S_M_Holds
Aurangabad,Very High,Very High,Low,Adaptation + Mitigation,4.984500684,148.8586171,,57.32275012,3.0,25.13,17.17009052,66.88898249,67.5,37.82,6.3,94.48
Churachandpur,Very High,Low,Very Low,Adaptation,4.589034017,100,2.6,34.98460214,,6.18,0.003309758,100.0,515.0,,1.844776618,92.32
Hailakandi,Very High,Moderate,Low,Adaptation,4.634477396,151.1685675,0.2,35.52989691,1.0,2.55,31.76042343,34.88771665,465.0,16.94,1.3,89.76
Imphal East,Very High,Low,Very Low,Adaptation,4.632870467,100,8.5,39.04539343,,8.07,0.130180361,100.0,515.0,0.06,3.3,90.12
Godda,Very High,Moderate,Low,Adaptation,4.719214868,117.0846331,14.5,44.39212951,3.0,21.28,22.5429415,21.0177621,95.0,48.22,7.0,82.48
Imphal West,Very High,Moderate,Very Low,Adaptation,4.548660148,100,14.4,34.83179225,,11.05,0.191704417,100.0,515.0,0.04,2.852137148,86.51
Madhubani,Very High,Very High,Moderate,Adaptation + Mitigation,4.569439163,155.9060187,45.8,51.08059865,38.0,42.23,52.80776984,55.37259051,67.5,57.48,2.9,97.74
Thoubal,Very High,Low,Very Low,Adaptation,4.539914299,100,10.9,38.51871784,,9.84,0.178227997,100.0,515.0,,1.44,86.46
Bokaro,Very High,High,Low,Adaptation + Mitigation,4.92,111.2970081,9.4,37.64927181,,42.55,13.69609295,9.182953161,95.0,46.7,6.3,84.8
Chatra,Very High,High,Moderate,Adaptation + Mitigation,5.347783832,147.0658842,21.0,50.62089312,100.0,35.16,45.60569288,5.887711033,95.0,49.47,8.09,90.1
Senapati,Very High,Low,Very Low,Adaptation,4.325374472,100,,35.7865651,,,0.002850776,100.0,515.0,0.06,3.2,83.54
Ukhrul,Very High,Very Low,Very Low,Adaptation,4.318000127,100,,35.58746736,,,0.003823046,100.0,515.0,0.11,2.37,85.44
Hazaribagh,High,High,Very Low,Adaptation + Mitigation,5.045910501,134.793442,24.6,47.08964698,3.0,36.81,30.26735249,9.305032285,95.0,71.26,8.58,91.78
Saraikela-kharsawan,Very High,Low,Very Low,Adaptation,5.0,105.1801876,0.8,35.40877098,15.0,22.9,2.370797959,25.42922299,95.0,8.56,5.7,84.86
Aizawl,Very High,Low,Very Low,Adaptation,4.657516184,100,8.2,36.24700173,,13.13,0.012812629,6.538027212,380.0,,1.751972541,86.87
Arwal,High,Very High,Moderate,Adaptation + Mitigation,4.88,123.2937457,89.7,59.32052692,7.0,43.27,32.22185834,41.40760965,67.5,58.53,4.8,96.65
Banka,High,High,Moderate,Adaptation + Mitigation,4.81,128.088276,87.8,45.30530478,49.0,30.44,86.44707716,37.86650786,67.5,24.88,5.01,96.67
Bankura,Very High,Moderate,Low,Adaptation,4.905585472,171.6905007,11.6,42.98333668,4.0,36.34,2.270640519,51.48052756,460.0,33.93,5.05,89.8267715
Bargarh,Very High,Very Low,Low,Adaptation,5.12,135.8104931,44.8,37.88522269,14.0,54.37,0.728079229,56.59207448,150.0,13.25,3.26,85.21
Bhojpur,High,Very High,Moderate,Adaptation + Mitigation,4.864986078,120.5643455,91.5,65.42872619,13.0,47.24,1.035885575,81.64776965,67.5,29.65,6.5,95.63
Birbhum,Very High,High,Moderate,Adaptation + Mitigation,4.798859979,180.6644691,18.4,48.44373504,58.0,31.48,3.143338495,72.62623083,460.0,29.77,7.41,91.50350684
Bishnupur,Very High,Moderate,Low,Adaptation,4.693107633,100,3.0,38.1934033,99.0,5.69,15.96183674,100.0,515.0,0.01,2.0,84.56
Cachar,Very High,Very Low,Very Low,Adaptation,4.554990768,150.4140688,1.6,33.11981489,1.0,3.42,0.259062402,33.29793978,465.0,2.28,1.45,87.58
Gaya,High,Very High,Low,Adaptation + Mitigation,4.988497791,104.7398103,90.7,61.31679435,10.0,48.08,13.4799734,34.43862982,67.5,45.92,6.2,96.73
Gopalganj,Very High,Very High,Moderate,Adaptation + Mitigation,4.669233688,117.0494095,81.8,67.89629771,44.0,49.22,6.200602291,68.10437053,67.5,68.03,4.04,98.63
Jhabua,Very High,High,Moderate,Adaptation + Mitigation,5.365466745,166.094852,30.6,76.49075618,97.0,44.79,0.655151385,60.7690654,135.0,46.45,7.8,83.1
Kodarma,High,High,Moderate,Adaptation + Mitigation,4.96,122.1369276,25.0,54.28410531,2.0,66.44,26.5234269,7.13571424,95.0,55.34,6.5,89.68
Lawangtlai,Very High,Very Low,Very Low,Adaptation,4.86,100,20.2,43.79670208,,3.4,0.006930357,5.382427116,380.0,,1.793410126,88.17
Lunglei,Very High,Very Low,Very Low,Adaptation,4.770195765,100,8.2,40.3328,,3.8,0.008561742,3.857192953,380.0,,1.768120979,94.43
Saiha,Very High,Very Low,Very Low,Adaptation,4.8,100,4.6,43.95054372,,5.38,0.000594723,8.179962148,380.0,,1.687813949,86.48
Sivasagar,Very High,Very Low,Very Low,Adaptation,4.23,104.1162613,20.9,26.32076824,4.0,4.98,0.212388632,54.95887669,465.0,9.25,3.8,81.48
Surguja,High,Moderate,Low,Adaptation,5.187177891,114.5124462,11.1,43.26685754,,42.58,4.592723691,30.17483771,,29.27,7.341476438,81.11
Darjiling,Very High,Low,Very Low,Adaptation,3.890258706,123.5649129,7.0,23.40984314,19.0,15.65,0.088200567,52.5432276,460.0,47.02,4.19,98.10358565
Darrang,Very High,Very Low,Very Low,Adaptation,4.352184858,125.7427556,16.6,38.14953271,2.0,35.03,0.115439484,58.56782334,465.0,41.37,4.09,91.12
Jalna,Very High,Very High,Moderate,Adaptation + Mitigation,5.327640319,119.7217676,18.0,70.20150461,18.0,54.85,2.79556994,79.08361377,155.0,95.32,8.2,79.38
Jorhat,Very High,Moderate,Very Low,Adaptation,4.275331028,110.7403696,0.5,29.36614467,,12.61,0.233731729,60.28034473,465.0,43.5,1.9,82.52
Karimganj,Very High,Low,Very Low,Adaptation,4.590746012,113.1639185,3.7,35.42727941,5.0,4.27,1.16209874,40.33001658,465.0,31.52,0.9,80.53
Morigaon,Very High,Moderate,Very Low,Adaptation,4.44,165.3192448,4.5,41.50428235,3.0,30.52,0.476951039,51.64355893,465.0,46.02,3.6,88.19
Narayanpur,Moderate,Very Low,Very Low,No Data,5.18,100.9485912,0.6,48.39092946,100.0,4.33,0.140889161,3.59383938,,,2.3,56.33
Tamenglong,Very High,Very Low,Very Low,Adaptation,4.35759716,100,,36.25207848,,,0.016142345,100.0,515.0,,3.258173801,36.06
Cuttack,Very High,Moderate,Very Low,Adaptation,4.924866498,122.52367,45.7,35.37391623,23.0,45.67,0.058584592,35.33409343,150.0,12.86,3.29,97.54
Ganjam,Very High,Moderate,Low,Adaptation,4.976208979,127.3194231,56.7,34.41440146,41.0,40.87,12.61288582,43.75369643,150.0,7.67,3.7,95.08
Golaghat,Very High,Very Low,Very Low,Adaptation,4.328062246,127.7440152,0.3,34.04864092,8.0,6.12,0.274665119,40.92547116,465.0,27.96,4.04,83.41
Jamtara,High,Moderate,Very Low,Adaptation,4.89,102.2833902,5.2,40.5426801,6.0,44.8,2.155503597,34.55983265,95.0,31.29,5.3,74.86
Khunti,High,High,Low,Adaptation + Mitigation,5.09,138.3147392,8.6,39.31920711,3.0,27.05,10.19945537,21.1135709,95.0,71.76,5.9,73.6
Kolhapur,Very High,Low,Low,Adaptation,5.23328447,126.4835165,18.4,69.83929213,79.0,42.45,0.92908639,58.61136159,155.0,39.75,3.5,92.3
Lohardaga,High,High,Low,Adaptation + Mitigation,5.148839725,121.1088435,22.3,36.54355747,12.0,15.1,11.03499437,28.70701271,95.0,92.79,6.75,75.59
Madhepura,Moderate,Moderate,Low,No Data,4.588245946,151.2739594,72.5,47.80302814,1.0,40.99,0.185048112,71.81286159,67.5,41.76,3.8,96.24
Mamit,Very High,Very Low,Very Low,Adaptation,4.7,100,9.0,34.76820084,,1.94,0.073259052,5.836414691,380.0,,2.172683038,62.61
Raigarh,Very High,Very Low,Low,Adaptation,5.161030836,110.4974122,23.1,42.8498456,100.0,17.94,4.702881914,38.77452227,155.0,20.63,3.6,80.94
Sambalpur,Very High,Very Low,Low,Adaptation,5.091251622,110.6307376,19.3,36.22232064,70.0,29.83,9.811359672,31.4314319,150.0,10.31,4.8,84.79
Serchhip,Very High,Very Low,Very Low,Adaptation,4.77,100,12.8,40.49061091,,5.76,0.030747893,17.34352278,380.0,,1.703939038,78.8
Tinsukia,Very High,Very Low,Very Low,Adaptation,4.040057354,110.9873379,0.5,21.6143677,2.0,5.14,0.149464606,34.48680739,465.0,19.64,3.09,82.35
Udalguri,Very High,Very Low,Very Low,Adaptation,4.35,131.9993098,11.1,33.56469123,33.0,12.06,0.412713594,57.61182903,465.0,40.86,2.8,88.13
Uttar Bastar Kanker,Moderate,Low,Very Low,No Data,5.2,109.7711652,16.9,44.82711494,,33.66,,28.83790271,,20.93,6.2,69.83
Vizianagaram,Very High,Low,Moderate,Adaptation,5.0297359,136.6025469,52.9,56.19567699,79.0,23.14,12.11429572,34.67366734,,20.53,4.5,93.53
Araria,Moderate,Very High,Low,Mitigation,4.448575615,120.2726024,74.9,40.26561588,19.0,26.08,8.186569206,31.34900188,67.5,73.33,3.7,95.98
Ariyalur,High,Very High,Low,Adaptation + Mitigation,5.37,121.8038394,39.2,53.99283746,,52.02,1.761054456,50.34126516,,64.77,4.5,94.73853247
Banswara,Very High,High,Low,Adaptation + Mitigation,5.400085587,160.4986714,34.2,77.29409241,44.0,67.23,0.487255747,51.52956378,167.0,23.73,5.66,88.94383663
Bhandara,Very High,Moderate,Low,Adaptation,5.25,144.1914769,16.1,68.7346602,100.0,30.22,0.670614045,44.72584856,155.0,36.84,8.65,91.61
Buxar,High,Very High,Moderate,Adaptation + Mitigation,4.82,136.9936264,89.0,65.27902897,48.0,42.48,1.553808594,80.51605099,67.5,33.63,7.5,91.09
Champhai,Very High,Very Low,Very Low,Adaptation,4.74,100,26.5,41.40622541,,2.82,0.020577678,6.199077957,380.0,,1.637231121,97.0
Jamui,High,Moderate,Low,Adaptation,4.87,139.0545218,46.1,53.85100691,25.0,32.65,8.460051017,21.10557537,67.5,27.02,7.1,97.24
Kendujhar,Very High,Very Low,Very Low,Adaptation,4.980573455,103.4265786,9.5,30.67430481,23.0,44.54,0.064317223,27.07152879,150.0,11.77,5.09,94.96
Krishna,Very High,High,High,All,5.140704924,159.0402371,55.4,63.03387334,98.0,25.63,8.459890046,52.77549289,,13.87,6.0,91.48
Nadia,Moderate,High,High,Mitigation + GW Sustainability,4.711993288,227.9394574,24.2,43.51759677,12.0,85.71,1.621206589,75.10795971,460.0,97.41,4.97,97.322718
Purbi Singhbhum,High,High,Low,Adaptation + Mitigation,4.974739927,112.2167488,2.6,32.77774857,7.0,30.41,7.299011233,10.93952365,95.0,56.02,8.9,89.3
Purnia,Moderate,Very High,Moderate,Mitigation,4.531865112,102.0930971,90.4,38.03415197,1.0,32.77,90.35462599,40.10730113,67.5,86.25,4.3,91.78
Rohtas,Moderate,High,Low,Mitigation,4.964870582,168.4989947,96.7,61.55720019,15.0,40.24,0.216335174,63.77245202,67.5,23.01,7.3,95.19
Shahdol,High,Moderate,Low,Adaptation,5.21759692,144.7150231,15.0,68.05245335,95.0,13.36,0.444742116,36.56948411,135.0,46.19,9.6,82.28
Sheikhpura,Moderate,Very High,High,Mitigation + GW Sustainability,4.83,124.3649548,90.1,61.31867065,3.0,54.53,76.36730459,72.85774112,67.5,82.08,5.5,97.99
Siwan,Moderate,High,Moderate,Mitigation,4.729395373,134.7177951,49.9,68.06436234,22.0,54.26,0.462257819,74.37279979,67.5,90.04,5.2,98.47
South 24 Parganas,Very High,Moderate,Low,Adaptation,4.713638547,173.9459496,,42.3133505,52.0,,10.66000928,37.77044618,460.0,21.25,7.1,98.73555305
Yanam,Very High,Low,Very Low,Adaptation,5.072520616,139.5061728,,73.53348345,,,0.687011194,20.32622334,,23.68,2.7,90.49
Nandurbar,High,Moderate,Low,Adaptation,5.21,116.5302144,22.9,73.41463827,,38.08,0.5834402,36.38297872,155.0,66.19,9.759,68.5
Anugul,High,Low,Low,Adaptation,5.04,104.0932403,11.9,35.0263134,,53.08,3.344065921,19.46480193,150.0,25.8,5.7,96.6
Balaghat,High,Moderate,Moderate,Adaptation,5.232363831,152.1777522,51.0,69.89951944,95.0,23.5,0.60676562,34.17717685,135.0,15.99,6.5,89.81
Baloda Bazar,High,Low,Low,Adaptation,5.22,108.2182335,47.3,46.06945768,99.0,48.56,0.246716079,51.47200003,,12.3,7.010174776,90.05
Banda,High,Very High,Low,Adaptation + Mitigation,5.028533284,135.7022803,57.7,73.46057714,2.0,66.11,0.009742578,77.39600728,,48.05,6.53,80.95763118
Gariaband,High,Very Low,Moderate,Adaptation,5.12,120.944817,39.3,45.28171525,96.0,63.94,28.36359754,22.38673667,,11.46,5.476875456,82.49
Jharsuguda,Very High,Very Low,Very Low,Adaptation,5.12,104.7829582,2.8,37.53003914,37.0,51.44,0.606141465,30.75981114,150.0,18.19,4.71,92.46
Kalahandi,Very High,Moderate,Low,Adaptation,5.106795985,121.3082436,39.0,44.40359218,18.0,41.81,125.885999,43.41654102,150.0,6.29,4.18,86.86
Lalitpur,Moderate,High,Low,Mitigation,5.211383867,101.2230406,45.8,75.17213447,7.0,84.64,0.1543636,57.01728748,,49.7,6.2,81.4195506
Mahasamund,High,Very Low,Low,Adaptation,5.16,116.5880861,42.9,44.16709119,56.0,59.94,1.188790546,52.60738947,,18.11,7.1,83.18
Malkangiri,Very High,Very Low,Very Low,Adaptation,5.1,100.4392121,4.1,37.59069191,48.0,16.8,0.146073101,33.81390088,150.0,11.04,3.43,82.62
Palamu,Moderate,Moderate,Low,No Data,5.109687332,173.1191457,31.3,47.05063191,22.0,34.99,1.488914347,16.71759721,95.0,39.52,7.46,92.5
Puruliya,Very High,Very Low,Low,Adaptation,4.990970333,125.2466668,15.8,48.47872136,86.0,17.26,2.346160994,52.66444603,460.0,8.46,5.3,94.77849415
Srikakulam,Very High,Moderate,Moderate,Adaptation,5.050862741,139.7889653,52.8,55.37140308,55.0,33.33,7.287189799,48.21044943,,19.75,4.1,96.76
Ajmer,High,Moderate,Very High,Adaptation + GW Sustainability,5.416550357,144.8183203,18.7,74.17540148,97.0,142.91,27.85187533,54.17108126,167.0,90.43,8.52,76.00031979
Alirajpur,High,Moderate,Low,Adaptation,5.4,138.485273,17.6,75.11424061,98.0,43.32,0.777833422,44.21142584,135.0,53.3,8.8,73.06
Dima Hasao,High,Very Low,Very Low,Adaptation,4.3,131.5095099,1.8,33.14527813,5.0,1.01,0.014726628,8.637274959,465.0,28.12,3.24298504,99.43
Dindori,High,Low,Low,Adaptation,5.18,159.3976074,1.5,65.07857647,98.0,12.52,0.323265595,55.1475894,135.0,19.99,5.35,71.04
Dumka,Moderate,Low,Low,No Data,4.82577147,153.0460624,10.6,34.30897949,,24.61,1.356487704,14.08311547,95.0,41.68,5.9,70.05
East Garo Hills,High,Very Low,Very Low,Adaptation,4.36661295,110.4706927,36.1,28.75947718,,4.11,0.098112534,15.62977152,300.0,0.73,3.43,84.41
East Khasi Hills,Very High,Low,Very Low,Adaptation,4.309686577,131.8773152,26.8,30.3301962,,2.84,1.005957959,12.44876803,300.0,0.12,1.21,81.23
Goalpara,High,Very Low,Very Low,Adaptation,4.377936282,171.5462094,18.3,37.75633625,,21.18,0.7607628,39.68037281,465.0,42.89,3.9,88.16
Guntur,High,Moderate,Low,Adaptation,5.185445499,132.3006912,64.9,65.78902001,91.0,19.34,0.89319908,50.18079816,,19.6,4.8,92.51
Hamirpur-UP,Low,Moderate,Low,No Data,5.048477809,201.7765471,,71.29843352,5.0,68.07,0.122419138,29.15971113,,61.47,8.9,72.41246154
Haora,Very High,High,Low,Adaptation + Mitigation,4.74356875,186.0872827,32.2,45.4803235,3.0,21.55,7.507007186,57.66679166,460.0,17.28,3.73,99.72659076
Jajapur,High,Very Low,Low,Adaptation,4.95,116.6353602,18.1,34.00227015,27.0,65.94,0.081478551,38.85467494,150.0,25.66,4.3,95.75
Kamrup,High,Moderate,Very Low,Adaptation,4.416886433,181.1203809,9.2,37.66162479,3.0,31.25,0.297471671,31.87831269,465.0,41.05,3.3,87.64
Kolasib,High,Very Low,Very Low,Adaptation,4.6,100,23.5,32.60562433,,1.22,0.756018515,16.40897679,380.0,,1.622233703,44.13
Koraput,Very High,Low,Very Low,Adaptation,5.109719442,117.5032907,44.1,37.13897993,31.0,23.59,0.028548153,32.59277931,150.0,6.96,4.8,82.76
Mandla,Very High,Low,Low,Adaptation,5.208114785,159.5103658,17.4,68.0726534,100.0,20.41,4.812847628,24.46852031,135.0,18.65,6.07,78.24
Nagaon,High,Low,Low,Adaptation,4.39760257,145.1934651,22.5,40.11935069,4.0,28.55,0.224672557,55.56551762,465.0,64.0,4.4,85.87
Namsai,High,Very Low,Very Low,Adaptation,4.05,165.7328611,,18.35515181,,,,68.87400342,290.0,16.19,3.631191925,60.3
North Garo Hills,Very High,Very Low,Very Low,Adaptation,4.42069586,115.333521,43.7,30.78404763,,4.79,3.927527452,15.32112703,300.0,,3.84148388,72.39
Nuapada,Very High,Very Low,Very Low,Adaptation,5.1,113.6023284,10.5,43.74301916,44.0,61.24,0.126754417,47.59743555,150.0,12.35,4.7,90.17
Pashchim Champaran,Low,High,Low,Mitigation,4.596425706,162.0428294,81.3,60.1721708,9.0,27.11,,48.35026665,67.5,48.34,3.6,96.27
Pashchimi Singhbhum,Moderate,Very Low,Very Low,No Data,5.08,166.2063013,1.0,35.33310717,2.0,10.45,1.174392232,15.09927453,95.0,7.09,6.7,75.55
Sitamarhi,Low,Very High,Very High,Mitigation + GW Sustainability,4.596927005,180.4489641,84.5,63.11868998,1.0,50.54,27.75705402,58.10014827,67.5,90.44,2.9,98.85
Sundargarh,Very High,Very Low,Very Low,Adaptation,5.087647347,104.7864884,5.1,34.20863892,41.0,41.22,0.063402749,28.90076669,150.0,35.03,4.8,91.63
Supaul,Moderate,High,Low,Mitigation,4.5,172.5849101,71.3,46.62327095,,32.87,1.835016795,57.05879641,67.5,66.6,2.8,96.65
West Kameng,High,Very Low,Very Low,Adaptation,3.346631571,111.8521248,5.0,32.87610261,,0.09,0.00021661,46.75011484,290.0,,3.517659433,69.32
Bid,Very High,Very High,Very High,All,5.324350302,113.9368525,57.2,71.30434783,99.0,59.22,15.41422733,75.8749766,155.0,90.69,8.05,83.05
Gondiya,Very High,Low,Low,Adaptation,5.24,130.5970149,48.3,69.0045156,90.0,26.31,0.960898279,29.51000184,155.0,22.19,7.59,92.37
Mahe,High,High,Low,Adaptation + Mitigation,5.293977693,101.4159292,6.0,60.26592354,30.0,68.7,,64.94252874,,50.43,8.569329985,100.0
Patna,Low,High,Low,Mitigation,4.801974613,123.5477191,72.8,63.49416888,3.0,59.34,0.256199944,53.88354411,67.5,66.5,8.1,98.26
Sahibganj,Moderate,Low,Very Low,No Data,4.655995768,106.2440829,7.3,42.13311856,1.0,16.0,0.730141904,22.84887816,95.0,56.5,5.0,87.02
Sangli,Very High,Moderate,High,Adaptation + GW Sustainability,5.33580991,131.595151,29.3,74.04617534,100.0,54.19,1.978914127,60.36004646,155.0,73.52,5.49,82.66
Saran,Low,Very High,Moderate,Mitigation,4.731806535,121.9364599,65.9,67.83635826,6.0,52.46,0.884229085,55.39796215,67.5,77.62,5.9,98.74
Singrauli,Moderate,Moderate,Moderate,No Data,5.09,191.9877729,18.4,67.86275537,99.0,39.08,0.392616361,28.63884084,135.0,67.12,9.47,82.39
Anuppur,High,Low,Low,Adaptation,5.2,139.2385738,2.7,63.69964347,100.0,23.52,1.077544474,41.95814461,135.0,36.61,7.7,76.59
Balangir,Very High,Low,Very Low,Adaptation,5.138475677,113.3804722,1.9,46.69702946,,49.64,0.11970146,49.62757388,150.0,30.29,3.98,90.62
Balrampur,Moderate,Very Low,Low,No Data,5.15,114.0669248,8.8,46.84332483,100.0,22.09,0.268879868,25.88400921,,25.64,7.216008484,75.56
Bastar,High,Very Low,Low,Adaptation,5.186172516,104.349474,6.3,42.12906836,89.0,30.59,1.046599533,26.89019409,,,6.1,70.28
Chandrapur,Very High,Very Low,Low,Adaptation,5.254300311,125.9577795,22.2,65.27370145,100.0,29.32,0.433508636,35.14379923,155.0,41.72,6.8,69.52
Jalaun,Moderate,High,Moderate,Mitigation,4.985340117,141.7238482,56.1,76.11533496,37.0,55.17,0.155319858,75.42745481,,37.76,9.0,78.68783612
Khordha,Very High,Very Low,Very Low,Adaptation,4.9,118.3406214,19.4,35.24357839,61.0,61.18,0.334063672,31.87305942,150.0,14.77,4.9,97.31
Latehar,Moderate,Moderate,Very Low,No Data,5.07,130.5667874,22.0,38.69081574,2.0,29.2,2.343109682,11.15674463,95.0,35.21,7.2,79.81
Nayagarh,Very High,Very Low,Low,Adaptation,4.95,132.3494221,4.5,36.50140363,69.0,44.02,0.091173321,36.22817239,150.0,25.61,4.27,97.28
Tirap,Moderate,Very Low,Very Low,No Data,3.8285067,134.5334136,12.8,18.76374835,,0.9,0.0047417,25.97422906,290.0,1.8,5.8,63.63
Baksa,High,Moderate,Very Low,Adaptation,4.36,154.719913,10.7,33.29811321,1.0,3.23,0.181629893,36.58672276,465.0,72.3,2.6,82.72
Balod,High,Very Low,Moderate,Adaptation,5.25,132.0820345,48.1,47.50553231,95.0,71.91,1.424850037,51.0272186,,24.37,6.903309966,85.49
Bhadrak,Very High,Very Low,Low,Adaptation,4.762790991,109.3500555,49.9,31.02372176,73.0,60.28,0.45442208,62.8748971,150.0,10.08,3.1,95.69
Chirang,High,Low,Very Low,Adaptation,4.456003699,127.2105528,9.6,33.2620003,5.0,2.53,0.351760814,30.94643786,465.0,58.69,2.1,90.73
Debagarh,Very High,Very Low,Very Low,Adaptation,5.02,111.3737808,4.9,35.14903299,49.0,57.44,,28.24309418,150.0,13.42,4.9,94.19
Dhanbad,High,Very Low,Low,Adaptation,4.938686814,127.3949767,6.4,39.12080286,100.0,74.34,99.02734276,4.407305999,95.0,45.84,6.35,91.95
Dhenkanal,High,Very Low,Very Low,Adaptation,4.993006009,104.4235737,20.5,33.27608416,43.0,38.86,0.204964031,23.23406445,150.0,17.95,5.2,96.76
Dibrugarh,High,Low,Very Low,Adaptation,4.108822352,109.3655008,1.2,24.40707706,5.0,6.71,0.633593573,44.56373854,465.0,60.26,3.9,85.2
Garhwa,Moderate,Low,Low,No Data,5.09,135.4270671,30.1,46.55253283,3.0,35.75,1.750995682,17.09644471,95.0,41.05,7.3,90.85
Hassan,Very High,Low,High,Adaptation + GW Sustainability,5.302635546,129.6446861,15.3,47.07290345,97.0,71.35,7.764529601,62.8887326,,49.76,9.8,92.12
Jalpaiguri,High,Low,Very Low,Adaptation,4.268801399,156.1504866,8.9,26.94696029,44.0,12.26,0.17766977,59.95705424,460.0,62.47,4.02,96.30783924
Kaimur,Low,High,Moderate,Mitigation,4.95,150.0008918,91.9,58.75310332,,37.8,1.384491319,49.11913376,67.5,41.66,8.9,93.4
Kendrapara,High,Very Low,Very Low,Adaptation,,120.810411,40.6,33.40619565,46.0,63.66,0.330673313,56.5723402,150.0,4.9,2.39,96.61
Kishanganj,Low,High,Low,Mitigation,4.381741369,140.1086204,33.4,39.38921341,,36.38,0.59005298,54.24106198,67.5,87.02,4.5,96.43
Korba,Moderate,Very Low,Very Low,No Data,5.12,101.7626303,7.0,43.52573737,100.0,34.16,0.173703456,16.97530173,,15.56,8.2,84.45
Lower Subansiri,Moderate,Very Low,Very Low,No Data,3.384088742,110.231643,24.0,21.96104975,,2.23,,65.91404822,290.0,0.26,2.839486005,59.72
Mysore,High,Low,Low,Adaptation,5.328885161,139.7381275,24.9,56.13101106,99.0,55.3,0.047934274,55.93762105,,30.03,8.3,93.98
Nalanda,Low,Very High,High,Mitigation + GW Sustainability,4.860140929,145.8383404,88.7,61.18413206,5.0,75.65,24.00112823,67.93651066,67.5,88.39,5.7,96.28
Nanded,Very High,High,Moderate,Adaptation + Mitigation,5.298630113,116.3080408,15.5,65.91464435,100.0,32.37,1.216271165,68.37673023,155.0,80.01,9.07,80.59
North and Middle Andaman,High,Very Low,Very Low,Adaptation,5.306283053,119.4986072,,47.97748896,33.0,2.3,0.071900603,2.369599723,175.0,0.57,-1.22803142,57.44
North Goa,Very High,Very Low,Low,Adaptation,5.185621204,114.7201927,20.4,63.83322098,100.0,25.2,2.735137625,44.94754163,150.0,30.11,4.8,91.3
Pakur,High,Low,Low,Adaptation,4.65,117.7205327,12.4,36.69983321,4.0,14.47,1.166101502,22.74683341,95.0,34.35,6.17,88.25
Pune,Very High,High,Very High,All,5.325983186,117.9181056,27.3,73.79890185,84.0,69.65,1.187928817,64.88476312,155.0,81.64,6.1,81.42
Purba Champaran,Low,High,Moderate,Mitigation,4.615587099,145.0801299,53.3,58.24228029,25.0,43.25,,66.24115447,67.5,80.28,3.8,97.65
Puri,High,Very Low,Low,Adaptation,4.95333265,126.6314273,60.4,35.94023391,42.0,52.37,0.266949045,46.65322204,150.0,15.93,2.8,96.91
Ramban,High,Low,Very Low,Adaptation,4.6,125.0421669,5.9,38.91958731,,32.65,1.18418e-05,17.71555626,235.0,2.24,9.4681451,94.04
Ranchi,Very High,High,Low,Adaptation + Mitigation,5.076986919,100.2376275,13.0,39.8906098,7.0,46.94,105.7674376,42.4798816,95.0,65.32,6.6,80.02
Rayagada,Very High,Low,Very Low,Adaptation,5.03,103.4466255,33.0,41.44296741,43.0,33.32,0.029620525,26.29810592,150.0,9.29,3.8,89.51
Saharsa,Low,Very High,Moderate,Mitigation,4.559222078,187.4317636,64.0,51.79970891,7.0,34.93,1.815187675,57.21838368,67.5,93.16,3.1,95.46
Satara,Very High,Moderate,High,Adaptation + GW Sustainability,5.276180395,130.2264645,35.4,71.31795522,100.0,62.11,1.583037341,50.49140049,155.0,64.58,5.39,91.01
Sonbhadra,Moderate,Moderate,Low,No Data,5.10017873,157.3787974,36.7,71.9940527,9.0,50.9,0.163900862,27.12813215,,28.83,7.45,84.15111237
South Goa,Very High,Low,Moderate,Adaptation,5.183843105,116.6669323,25.5,64.65010783,100.0,18.64,6.876637709,28.66677326,150.0,22.87,6.2,90.19
South West Khasi Hills,High,Very Low,Very Low,Adaptation,4.3,128.0381255,44.7,28.23421214,,1.02,0.694765648,5.551268767,300.0,7.44,1.902634953,88.25
Umaria,High,High,High,All,5.25,186.7568604,27.2,70.80948077,98.0,18.71,1.754064807,25.47382025,135.0,54.03,9.5,81.14
Wayanad,Very High,Low,Moderate,Adaptation,5.07,144.5706649,13.2,52.77684318,99.0,27.67,1.07270464,53.40476884,195.0,20.3,7.7,96.7
Zunheboto,High,Very Low,Very Low,Adaptation,4.13,130.3709732,11.5,30.37,,4.08,0.011594439,28.51039658,320.0,0.04,3.450097279,34.79
Anantapur,High,Low,Moderate,Adaptation,5.464247711,106.6935575,18.6,70.20848747,100.0,33.28,2.578723307,44.63468989,,73.47,8.8,72.01
Bagalkot,Moderate,High,Moderate,Mitigation,5.43,133.3736957,49.3,74.89584665,15.0,81.72,0.000883323,76.96019136,,52.22,7.9,69.77
Belgaum,Moderate,Very High,Low,Mitigation,5.350663035,147.159259,46.6,68.7393893,21.0,67.71,0.000775635,74.18747053,,51.63,7.02,75.22
Bongaigaon,High,High,Very Low,Adaptation + Mitigation,4.334302437,143.5525803,28.6,34.67425912,,26.51,0.292067757,56.3074108,465.0,60.41,3.8,94.48
Champawat,High,Moderate,Very Low,Adaptation,4.8,155.7626878,,48.01663853,,,0.001671973,6.049094222,285.0,3.47,17.9,94.80213373
Chandel,Very High,Very Low,Very Low,Adaptation,4.328746026,100,,33.29472257,98.0,,0.000477511,100.0,515.0,0.06,1.409238472,65.21
Dantewada,Moderate,Very Low,Very Low,No Data,5.3,100.4901239,0.2,42.11424267,99.0,15.29,0.09463013,25.90382642,,,5.5,42.71
Harda,Moderate,High,Moderate,Mitigation,5.26,198.8454376,49.6,73.45895254,36.0,35.65,0.008830703,58.47921374,135.0,54.15,8.33,48.37
Kondagaon,Moderate,Very Low,Very Low,No Data,5.21,105.94463,5.5,54.34782609,98.0,36.85,0.149826108,22.01933221,,28.26,4.860779556,69.7
Lahul & Spiti,Low,Very Low,Very Low,No Data,4.703798541,100,,26.52846902,,,0.000558765,0.387952085,30.0,,9.209735463,72.7
Mahoba,Low,Moderate,Moderate,No Data,5.05,163.3475876,28.9,70.40182674,3.0,91.45,0.261151526,71.20536055,,56.23,6.46,73.97976692
Nalbari,High,Moderate,Low,Adaptation,4.404433931,169.8044532,42.2,36.15132272,2.0,25.19,2.05028655,67.24503548,465.0,70.38,2.2,83.0
Parbhani,Very High,High,Very High,All,5.31706563,156.1928835,29.3,68.62551927,96.0,46.5,1.283501825,81.49263191,155.0,92.59,9.593652346,77.25
Raichur,Very High,Low,Moderate,Adaptation,5.447029927,128.4940208,41.0,69.81148243,96.0,44.73,0.014980349,80.12712914,,22.39,4.6,67.72
South Andaman,Very High,Very Low,Low,Adaptation,4.9,103.563668,,80.29813397,95.0,3.48,0.025582233,2.452821473,175.0,0.57,0.662763506,74.81
West Garo Hills,High,Very Low,Very Low,Adaptation,4.376391394,127.942403,39.1,35.62830049,2.0,17.94,1.67067813,23.53291905,300.0,13.19,3.5,71.91
East Godavari,High,Moderate,Moderate,Adaptation,5.074926852,157.2041783,74.0,62.35985858,96.0,29.69,3.180699546,31.07984137,,24.66,5.4,94.9
Mungeli,High,Moderate,High,Adaptation + GW Sustainability,5.18,171.2093547,46.2,49.73874402,100.0,55.88,5.596305693,46.7956922,,25.68,8.235688179,89.99
Pathanamthitta,Very High,Low,Low,Adaptation,5.041186007,140.9937194,8.6,36.7467671,100.0,37.63,3.456978573,30.37051836,195.0,36.07,5.5,99.32
Anjaw,Moderate,Very Low,Very Low,No Data,3.5,109.1951306,,19.36986594,,,,40.8704473,290.0,5.07,4.027156049,53.0
Aurangabad-M,High,Very High,Very High,All,5.344198936,148.8586171,,72.05432619,99.0,71.64,3.363726008,66.88898249,155.0,94.54,10.64,81.8
Balrampur-UP,Moderate,Moderate,Low,No Data,4.78,114.0669248,,73.2566979,30.0,59.58,0.383492646,25.88400921,,79.73,4.39,93.19510252
Bandipore,Very High,Low,Low,Adaptation,4.5,116.6166738,56.7,43.75042045,100.0,31.41,0.000784675,61.11208101,235.0,0.68,2.0,98.32
Bellary,High,Very High,Low,Adaptation + Mitigation,5.453457327,124.9129512,50.4,72.69253753,2.0,27.46,0.296869558,61.18016774,,37.31,8.5,72.28
Darbhanga,Low,High,High,Mitigation + GW Sustainability,4.625492292,114.1496116,79.7,55.62897766,30.0,52.34,2.686332193,55.48121239,67.5,83.38,3.6,97.83
Deoria,Low,Very High,High,Mitigation + GW Sustainability,4.674368129,189.1696617,92.1,76.35935476,35.0,62.33,0.757812598,75.64721545,,72.07,4.14,96.22156573
Dhubri,High,Moderate,Very Low,Adaptation,4.409309511,168.6447709,13.4,35.63398064,3.0,28.66,0.751609943,42.34854669,465.0,66.28,4.8,87.9
Gadag,Moderate,Low,High,GW Sustainability,5.38,153.6449021,16.4,66.51771243,99.0,74.62,0.019151091,84.42781529,,49.67,10.4,64.06
Gorakhpur,Low,Very High,Low,Mitigation,4.705117936,166.5746042,69.6,75.84883643,2.0,63.42,0.706564259,71.07157453,,78.69,4.7,96.82630821
Jashpur,Moderate,Very Low,Low,No Data,5.14,104.7758816,3.9,38.79397493,97.0,43.08,0.152523844,37.51318253,,37.86,6.5,65.18
Jhansi,Low,High,Moderate,Mitigation,5.107067377,147.6108407,48.1,71.31041467,18.0,67.54,0.251848443,63.19348449,,51.4,8.4,77.73201061
Kamrup Metropolitan,Moderate,Very Low,Very Low,No Data,4.41,112.511426,3.4,33.74107193,7.0,77.72,0.203728048,30.12736661,465.0,50.61,2.9,89.65
Karaikal,High,Moderate,Moderate,Adaptation,5.460594197,136.2579281,80.1,66.55336869,61.0,28.37,1.52580186,29.54034474,,10.99,3.1,82.33
Khowai,Very High,Very Low,Low,Adaptation,4.59,177.9579048,22.8,36.67197942,100.0,9.75,,31.91348296,405.0,34.69,4.061448363,95.26429205
Koppal,High,Low,High,Adaptation + GW Sustainability,5.44,134.3244859,27.9,71.0676671,99.0,61.84,0.000174246,75.97299523,,37.36,6.5,69.89
Kullu,High,Very Low,Very Low,Adaptation,4.304993941,139.8638044,,25.23375274,99.0,,0.001083422,57.41580756,30.0,1.05,4.4,96.46
Kurnool,High,Moderate,Moderate,Adaptation,5.352912382,110.7303621,28.1,70.84605016,98.0,23.51,1.011373767,49.98397327,,52.22,6.01,79.27
Maharajganj,Moderate,Very High,Moderate,Mitigation,4.658208459,197.415647,49.5,72.10572302,7.0,62.53,1.870126132,65.45665432,,73.78,3.5,96.44578252
Mandi,Moderate,Very Low,Very Low,No Data,4.724572591,177.725034,17.5,36.55985389,100.0,14.24599278,0.02258666,22.53618039,30.0,2.56,3.7,92.98
Munger,Low,High,Low,Mitigation,4.850721572,115.288513,79.1,52.51630941,65.0,31.9,0.061299265,29.43065819,67.5,64.14,4.8,96.7
Muzaffarpur,Low,High,Moderate,Mitigation,4.651988945,153.919129,54.0,62.14814815,47.0,67.38,0.254953966,67.92209316,67.5,95.43,4.8,97.12
Nabarangapur,Very High,Very Low,Very Low,Adaptation,5.21,104.2903784,2.9,38.27116971,80.0,37.22,,48.63028698,150.0,27.95,4.14,87.72
Nagpur,High,High,Low,Adaptation + Mitigation,5.254230882,124.5755518,37.2,69.354779,95.0,48.94,0.519829711,47.76966748,155.0,71.66,7.9,69.12
Papum Pare,Moderate,Very Low,Very Low,No Data,3.8,139.737296,24.0,20.32119526,,1.24,0.052270045,59.50341452,290.0,2.59,1.4,31.97
Rajouri,High,Low,Very Low,Adaptation,4.78,186.4667897,10.6,35.92718466,,12.41,0.001958848,21.39408939,235.0,9.96,3.8,88.68
Ri Bhoi,High,Very Low,Very Low,Adaptation,4.43,114.2993145,72.1,32.39029869,,5.53,1.732290418,8.686663193,300.0,1.08,2.3,79.05
Rohtak,Moderate,Low,High,GW Sustainability,4.845039544,119.6892106,92.8,82.8959341,90.0,55.18,0.317734381,91.7571188,10.0,40.4,3.8,71.92
Seoni,Moderate,High,Low,Mitigation,5.222655296,184.1826113,35.3,73.5954253,99.0,41.38,0.625631042,45.38023146,135.0,42.1,6.4,74.67
Sheohar,Very Low,Very High,Moderate,Mitigation,4.6,189.6794571,58.4,60.42094574,12.0,61.49,0.392799654,53.89074181,67.5,98.84,4.3,97.81
Siddharth Nagar,Moderate,Very High,Moderate,Mitigation,4.713203838,186.7625925,54.3,75.32739922,1.0,63.31,0.767890891,75.00218257,,63.54,3.89,96.23401265
Simdega,Low,Very Low,Low,No Data,5.15,102.2399803,4.9,38.27153762,38.0,13.15,0.419312155,21.43719329,95.0,73.34,5.29,76.08
Solapur,Moderate,Low,High,GW Sustainability,5.331158585,104.1828117,26.5,78.23615139,100.0,77.54,0.838789077,67.6502218,155.0,76.57,7.17,71.01
Sonitpur,Moderate,Low,Very Low,No Data,4.207922344,185.6458168,8.2,33.40382338,,10.28,0.308572506,22.95159871,465.0,56.52,3.3,86.37
South West Garo Hills,Moderate,Low,Very Low,No Data,4.46,122.1924948,50.6,31.70019272,,22.42,0.477020865,33.23901369,300.0,45.51,3.924853509,72.76
Tawang,High,Very Low,Very Low,Adaptation,3.973940342,140.2332362,,39.97341283,100.0,,0.034796582,34.78701826,290.0,,4.42015821,95.82
The Nilgiris,High,Very Low,Low,Adaptation,4.99,103.81039,1.9,53.07762534,93.0,9.72,0.023398366,28.94748217,,41.81,3.6,95.15804284
Thiruvananthapuram,Very High,Moderate,Low,Adaptation,5.47,118.9683821,7.8,43.04722987,98.0,67.73,1.009583388,58.31676425,195.0,20.47,10.1,99.85
Unokoti,Very High,Very Low,Low,Adaptation,4.6,179.4489829,16.8,37.22406181,99.0,8.26,,27.23069542,405.0,37.79,2.496583075,96.64354184
Yadgir,High,Low,Moderate,Adaptation,5.45,124.1150985,47.2,63.85276267,100.0,37.99,0.059361481,76.69912883,,34.89,5.8,69.34
Ahmadnagar,High,Moderate,High,Adaptation + GW Sustainability,5.525497703,109.2085304,21.7,74.56532219,100.0,79.2,0.43142494,65.84606345,155.0,84.79,9.45,82.54
Alipurduar,Moderate,High,Very Low,Mitigation,4.6,161.892638,,25.02518257,,10.65,0.124356941,47.70905573,460.0,67.58,6.833427423,97.74720964
Auraiya,Moderate,Very High,High,Mitigation + GW Sustainability,4.93,172.7332603,85.7,79.42513718,38.0,56.12,8.318819992,72.18545938,,57.53,7.8,92.93398401
Badgam,Moderate,High,Very Low,Mitigation,4.443564319,144.8713543,70.8,44.37508767,,20.87,,59.84294472,235.0,3.11,5.6,97.87
Begusarai,Very Low,High,Moderate,Mitigation,4.726555571,177.841984,70.5,63.6119111,1.0,63.22,0.308284366,67.25781034,67.5,94.62,6.02,98.09
Bhagalpur,Moderate,Moderate,Moderate,No Data,5.261435506,117.860656,67.5,59.37456683,95.0,36.59,0.016319151,41.97522611,67.5,58.7,5.9,99.4
Bilaspur,Moderate,Very Low,Low,No Data,4.732069294,113.3525062,44.4,44.13009003,100.0,63.58,0.225910024,45.20161051,,14.73,7.9,89.63
Chamoli,Moderate,Low,Low,No Data,4.525290776,150.4926584,,35.41039646,,,0.002607051,3.64608037,285.0,0.17,18.26096639,93.10049098
Deoghar,Moderate,Low,Low,No Data,4.900910212,192.9543772,15.0,45.31456589,100.0,53.37,3.275045609,14.40899485,95.0,37.89,7.3,81.46
Dimapur,Moderate,Very Low,Very Low,No Data,4.5,145.5664651,47.4,37.05262482,,5.55,0.134716878,64.12549274,320.0,4.43,6.5,17.47
Hanumangarh,Moderate,Low,Moderate,No Data,4.98,156.4573722,64.2,79.12312369,41.0,61.08,,85.92408759,167.0,6.98,18.12,29.03423618
Janjgir-Champa,Moderate,Low,Moderate,No Data,5.21,111.5716826,81.1,43.8480979,98.0,30.32,0.783230588,58.42202591,,11.56,6.8,91.9
Karbi Anglong,Moderate,Very Low,Very Low,No Data,4.312180384,142.4681175,19.4,40.19794552,,2.81,0.023619084,12.06027842,465.0,46.85,5.09,85.24
Khagaria,Very Low,High,Moderate,Mitigation,4.690579971,141.9734541,68.6,54.57377431,8.0,59.52,0.092552622,57.05762612,67.5,92.76,5.9,96.03
Kiphire,Moderate,Very Low,Very Low,No Data,4.41,130.0509074,10.8,29.23105157,,2.4,0.013151695,18.01034442,320.0,0.09,2.963408111,11.22
Kokrajhar,Moderate,Low,Low,No Data,4.284143627,154.4177104,12.1,34.48180562,,5.07,0.386376376,27.61529126,465.0,42.1,17.4,90.21
Kottayam,Very High,Low,Low,Adaptation,5.21,127.0297513,13.9,29.03343582,99.0,37.11,0.148121101,73.35580334,195.0,29.36,5.1,98.22
Kulgam,High,High,Very Low,Adaptation + Mitigation,4.1,137.9956963,72.8,42.95138889,,15.7,0.007718134,61.49080064,235.0,0.3,8.400135427,98.66
Lakhisarai,Low,Very High,Low,Mitigation,4.82,146.5235152,78.4,56.36001242,7.0,36.63,0.094841792,36.35791045,67.5,42.12,6.1,93.61
Longleng,Moderate,Very Low,Very Low,No Data,4.1,140.6643962,12.2,30.25738934,,0.87,0.024666857,15.72198843,320.0,0.24,2.594509751,35.1
Mahbubnagar,High,Moderate,Very High,Adaptation + GW Sustainability,5.391758161,128.2249884,22.8,63.77065598,99.0,58.83,4.990040088,58.05316554,,71.71,14.3,85.92663953
Mandya,High,Moderate,Moderate,Adaptation,5.452628963,122.4665356,47.4,58.14873816,100.0,60.75,2.963572682,58.49122117,,28.03,5.1,95.55
Mayurbhanj,High,Very Low,Very Low,Adaptation,4.919066972,105.4709376,13.3,27.50848339,57.0,43.14,0.089715245,45.09739145,150.0,15.85,5.5,95.25
Murshidabad,Low,High,High,Mitigation + GW Sustainability,4.701467929,235.2953743,25.6,45.37331215,39.0,58.69,1.219242922,74.72032811,460.0,87.24,8.76,96.80853665
Nawada,Low,High,Low,Mitigation,4.929521974,115.3012279,90.8,59.73034359,25.0,49.35,0.03673177,48.36169049,67.5,57.88,5.5,97.36
Nellore,High,High,Moderate,Adaptation + Mitigation,5.274124599,124.5088171,73.1,72.73624682,99.0,26.06,,27.80561537,,45.12,5.6,89.27
Prakasam,High,Low,Moderate,Adaptation,5.227258057,102.0427709,26.8,55.76290955,99.0,32.45,2.197547245,32.46968985,,44.64,8.0,84.39
Pratapgarh-UP,Low,Moderate,Moderate,No Data,4.87,177.4246546,42.4,76.26460083,11.0,78.63,0.073058679,45.97484796,,73.53,6.8,97.02657714
Pulwama,High,High,Low,Adaptation + Mitigation,4.773821505,162.9828199,68.8,38.93614564,,27.2,0.001517816,55.42421854,235.0,0.59,8.9,98.09
Raigarh-C,Moderate,Very Low,Low,No Data,5.118921942,110.4974122,23.1,61.41130672,100.0,40.94,0.106136554,38.77452227,,54.4,7.24,87.5
Rajnandgaon,Moderate,Very Low,Moderate,No Data,5.210610387,149.9653086,32.1,51.59930244,96.0,69.7,0.558065819,46.1711532,,13.01,6.8,82.53
Ratnagiri,High,Very Low,Low,Adaptation,5.15821477,111.5359262,3.1,60.64691862,98.0,17.3,0.073707019,37.16315532,155.0,74.76,6.8,82.68
Reasi,High,Very Low,Very Low,Adaptation,4.56,168.0712388,5.3,37.14205727,,21.91,0.003567193,15.87860331,235.0,6.24,8.1,93.94
Rewa,Low,High,Very High,Mitigation + GW Sustainability,5.100885863,185.9714212,38.8,74.28183327,60.0,54.65,0.467565285,62.07429085,135.0,63.45,11.3,85.09
Shupiyan,High,Low,Low,Adaptation,4.61,103.2935832,58.5,45.61807775,27.0,14.9,,53.0407163,235.0,0.8,8.105101533,97.4
Sidhi,Low,Very High,High,Mitigation + GW Sustainability,5.13,184.7030416,34.3,70.53418311,70.0,36.11,0.1068338,35.01475883,135.0,65.19,10.15,82.05
Sindhudurg,Very High,Low,Low,Adaptation,5.171517005,102.4600246,12.0,62.07316821,99.0,43.33,0.153108971,32.26190476,155.0,43.07,6.77,87.29
Surajpur,Moderate,Very Low,Low,No Data,5.14,109.4546386,10.2,43.85692452,100.0,66.38,0.017065181,30.46498781,,26.68,7.445174546,80.95
Tehri Garhwal,High,Low,Low,Adaptation,4.766196921,141.8607122,,42.7412273,,,2.940584634,9.694408229,285.0,0.65,11.82660892,95.09147702
Uttarkashi,Moderate,Low,Low,No Data,4.59784308,141.8073417,,35.82811413,18.0,,0.041166336,3.549820411,285.0,1.57,13.27514237,90.10320451
Valsad,High,Moderate,High,Adaptation + GW Sustainability,5.267115826,118.6433913,41.8,69.50912635,100.0,26.56,0.87632722,54.92945871,60.0,64.23,7.02,82.82
Visakhapatnam,High,Very Low,Low,Adaptation,5.024583308,117.7799968,42.5,59.04650619,85.0,41.05,1.811250586,23.15993568,,24.54,5.1,92.51
Hingoli,High,Very High,Moderate,Adaptation + Mitigation,5.3,124.7891156,40.7,64.7843462,74.0,36.41,1.557741081,78.84574126,155.0,91.22,10.64,76.43
Osmanabad,Very High,Moderate,High,Adaptation + GW Sustainability,5.292048925,129.501796,15.3,68.59749731,100.0,62.01,2.000947793,85.54442218,155.0,85.74,7.06,73.11
Alappuzha,High,Low,Low,Adaptation,5.336601836,126.1272548,44.6,23.06232567,100.0,39.33,0.131231093,61.13352859,195.0,61.87,3.7,99.48
Baleshwar,High,Low,Low,Adaptation,4.921914177,121.290844,27.9,28.7140781,65.0,58.07,0.828308101,55.57920514,150.0,56.29,3.8,97.99
Baramulla,Very High,Very Low,Low,Adaptation,4.504365893,101.7860175,45.2,27.60023033,100.0,13.86,0.000240725,59.28471415,235.0,0.79,2.8,96.55
Bareilly,Very Low,Very High,High,Mitigation + GW Sustainability,4.799402381,193.3750059,93.3,74.08384188,3.0,71.62,0.601137574,73.24330634,,60.5,5.12,93.71488939
Basti,Low,Very High,High,Mitigation + GW Sustainability,4.743455357,178.8468992,95.4,72.75440471,9.0,65.63,0.827442376,70.77703861,,89.66,4.33,95.63493608
Bemetara,High,High,Very High,All,5.2,177.3009094,51.2,53.16855114,100.0,93.18,8.440134335,79.15237792,,30.25,8.121767259,85.09
Chennai,Very Low,Very Low,Low,No Data,5.370223272,115.0395778,,61.78594879,,127.47,,0.859196119,,40.43,5.5,
Chitrakoot,Low,High,Moderate,Mitigation,5.01,115.9527085,51.9,68.4749207,17.0,82.32,0.252531668,48.69296571,,47.57,11.65,88.04078227
Chittoor,Moderate,Moderate,Moderate,No Data,5.342245894,116.4094701,43.0,62.02678426,99.0,56.11,4.694376088,24.58015862,,74.1,5.5,91.65
Dakshin Dinajpur,High,Very High,High,All,4.51,228.0102623,18.4,47.05248346,63.0,60.09,4.855668727,84.1349382,460.0,63.25,6.62,93.87844003
Davanagere,Moderate,Very Low,High,GW Sustainability,5.44,127.793391,43.7,62.22277939,100.0,88.91,0.271544913,72.48384748,,37.85,6.25,80.18
Dhalai,High,Very Low,Low,Adaptation,4.6,182.3708073,24.8,34.59813242,100.0,6.99,,9.817886376,405.0,13.51,3.42,96.10406762
Dhemaji,Moderate,Very Low,Very Low,No Data,3.965365787,142.5852869,1.2,23.64819454,2.0,5.07,0.258028971,23.10071053,465.0,70.2,3.46,87.03
Durg,Low,Low,High,GW Sustainability,5.223571017,140.0117078,69.9,48.88641911,100.0,76.19,0.832517801,64.06018991,,27.06,7.4,86.73
Ernakulam,Very High,Very Low,Low,Adaptation,5.150127389,117.1694814,18.6,42.51867663,100.0,49.63,2.053149083,47.12548966,195.0,49.48,5.01,99.26
Etah,Low,Very High,High,Mitigation + GW Sustainability,4.861408499,170.0402909,92.8,76.94213923,6.0,72.94,0.389747234,78.30194864,,62.53,9.7,93.37909009
Jagatsinghapur,High,Very Low,Low,Adaptation,4.331637349,136.941248,41.1,36.75937122,87.0,57.48,0.397203063,51.56140239,150.0,6.3,2.5,97.32
Jammu,High,Moderate,Low,Adaptation,4.659118389,161.2559995,62.5,66.56073002,,34.62,0.051319336,43.77531389,235.0,21.07,6.9,93.45
Kabeerdham,Low,Moderate,Low,No Data,5.08,163.826015,52.2,58.64455424,94.0,65.42,0.855514133,41.85493754,,23.2,9.9,84.98
Kannur,High,Moderate,Low,Adaptation,5.096513399,115.1474747,8.8,39.67889908,98.0,49.75,0.340907913,62.60198174,195.0,53.86,7.8,99.14
Kanpur Nagar,Low,Very High,Moderate,Mitigation,4.887753245,175.7900056,68.0,77.10228701,33.0,78.16,0.403985493,63.04368027,,73.04,7.7,92.45879982
Kozhikode,High,Low,Low,Adaptation,5.192,131.0219969,4.1,50.80173482,96.0,61.7,0.685872653,61.20456357,195.0,52.17,5.8,99.57
Kupwara,Very High,Very Low,Very Low,Adaptation,4.272453644,100,49.2,39.11703221,100.0,18.04,0.005770996,69.08834262,235.0,0.77,3.9,97.7
Lakhimpur,Moderate,Moderate,Very Low,No Data,4.082876994,181.01346,8.3,26.4613844,,9.58,0.288893379,41.60079051,465.0,50.56,2.5,85.17
Mainpuri,Very Low,Very High,Moderate,Mitigation,4.894239875,167.6932587,100.0,79.13489964,5.0,71.96,0.10724996,72.3635337,,74.21,5.893,95.46773331
Maldah,High,Moderate,High,Adaptation + GW Sustainability,4.584057561,209.0279488,23.5,45.75888447,76.0,35.57,1.431359486,62.41108553,460.0,83.51,5.3,96.30801475
Nalgonda,High,Moderate,High,Adaptation + GW Sustainability,5.31651232,132.0373299,47.8,69.30839178,100.0,41.34,0.912533986,70.82215374,,60.16,7.3,85.97032528
Pilibhit,Low,Very High,Moderate,Mitigation,4.780795105,170.947578,97.8,69.90901624,24.0,64.78,0.328125329,61.0517358,,69.01,4.02,86.99871802
Rae Bareli,Low,Very High,Moderate,Mitigation,4.888209436,167.6348566,89.2,80.4044697,16.0,58.71,0.816205046,57.91580048,,66.99,5.93,95.84003495
Raipur,Moderate,Low,Moderate,No Data,5.183581474,116.9784321,77.2,46.72217373,98.0,61.56,1.399835545,56.58890258,,20.12,5.9,88.19
Ramanagara,Moderate,Low,High,GW Sustainability,5.38,105.1246993,22.7,50.3583022,100.0,95.77,1.043152522,48.70220729,,72.12,7.3,93.69
Samastipur,Very Low,Very High,Moderate,Mitigation,4.687594821,172.4533903,77.0,53.28793303,44.0,68.85,0.457521371,64.18689737,67.5,65.17,5.4,97.83
Sitapur,Low,Very High,High,Mitigation + GW Sustainability,4.798097817,150.6935824,88.1,73.43121759,3.0,60.04,0.375829104,76.92680317,,86.02,6.15,94.19447538
South Sikkim,No Data,No Data,No Data,No Data,3.842383087,,7.4,13.33764168,,7.2,0.02021258,,,0.01,5.101798084,80.15505436
South Tripura,High,Very Low,Low,Adaptation,4.612368713,197.9573404,25.8,41.68269361,100.0,6.21,,27.2307605,405.0,17.13,2.9,97.5610044
Srinagar,Moderate,Low,Low,No Data,4.444252304,132.9988694,70.6,48.39833576,,78.21,6.4933e-05,60.46312911,235.0,0.82,7.4,98.76
Sultanpur,Moderate,Very High,Very High,Mitigation + GW Sustainability,4.845097206,166.0817385,85.7,73.94570857,39.0,61.67,3.018972294,67.87923921,,70.54,7.01,97.43925979
Thoothukkudi,Very High,Moderate,High,Adaptation + GW Sustainability,5.3,103.322988,17.2,71.47619329,96.0,38.88,279.4668969,46.47712885,,45.48,5.047,82.86582209
Tiruchirappalli,High,Moderate,Very High,Adaptation + GW Sustainability,5.586,113.7681929,46.3,66.73611392,87.0,73.94,11.36544399,36.36811594,,58.7,7.89,93.64184239
Tirunelveli,High,Moderate,Moderate,Adaptation,5.186341591,123.3628716,63.7,59.9102704,96.0,43.68,87.07055938,18.37097465,,40.37,5.77,93.94255504
Udhampur,Moderate,Low,Very Low,No Data,4.530647117,193.546557,14.1,26.7027922,,23.95,0.02868864,15.14553722,235.0,2.72,3.8,89.32
Upper Subansiri,Low,Very Low,Very Low,No Data,3.250665758,137.6740947,19.3,11.38572906,,0.18,0.000862141,28.18781407,290.0,7.49,4.692455023,19.26
West Godavari,Moderate,High,High,Mitigation + GW Sustainability,5.10446538,167.1515562,91.7,62.74433757,98.0,10.99,10.32628926,48.39147125,,49.92,5.4,92.03
West Sikkim,No Data,No Data,No Data,No Data,3.580338823,,,12.63852633,,6.63,0.018882635,,,,4.939382481,82.170372
Akola,High,High,Moderate,Adaptation + Mitigation,5.310214872,118.2003165,8.1,65.69821144,90.0,65.59,0.380854743,81.46988396,155.0,92.76,14.8,75.29
Anand,Low,Very High,High,Mitigation + GW Sustainability,5.53,211.4354832,95.5,79.31878814,20.0,22.84,1.285430488,70.2561979,60.0,61.94,14.9,89.46
Ashoknagar,Moderate,Very High,High,Mitigation + GW Sustainability,5.2,197.8366136,45.6,70.11681921,90.0,63.02,4.462471069,65.74667197,135.0,60.8,8.6,63.87
Bangalore Rural,Low,Low,High,GW Sustainability,5.378848379,106.3674411,19.5,51.07640355,1.0,154.0,0.006351178,55.90343283,,74.12,12.1,92.77
Barmer,Very Low,High,Moderate,Mitigation,5.570493473,114.0648761,22.0,77.44919786,44.0,132.25,0.025627463,57.9995897,167.0,96.11,31.9,25.41421031
Barpeta,Moderate,Low,Low,No Data,4.3995653,139.3664291,37.6,35.35673277,,36.48,0.461055764,59.46844873,465.0,92.65,2.59,79.82
Barwani,Low,Low,High,GW Sustainability,5.29,172.0461992,45.8,78.59435746,79.0,71.38,0.085395862,43.66287563,135.0,38.78,10.7,71.56
Betul,Moderate,Low,Moderate,No Data,5.242218075,178.9966056,32.2,70.00373799,86.0,49.65,0.620487261,45.77832903,135.0,58.65,9.9,68.71
Bhind,Low,High,High,Mitigation + GW Sustainability,4.981836715,146.8173204,55.1,58.69165247,78.0,32.65,0.276081886,76.32635825,135.0,54.75,15.0,76.38
Bijapur,Low,Very Low,Very Low,No Data,5.37495896,100.0667821,6.1,41.94885245,91.0,7.99,0.060561511,12.36841542,,31.17,5.0,47.99
East Kameng,Low,Very Low,Very Low,No Data,3.558815506,127.4719285,14.3,27.67888643,,1.27,0.018240281,54.08608491,290.0,26.47,2.567119249,21.62
Etawah,Low,Very High,High,Mitigation + GW Sustainability,4.929764785,171.1972927,80.6,76.45000134,22.0,50.48,4.145245378,62.59874308,,56.23,14.15,89.87971273
Farrukhabad,Very Low,Very High,Very High,Mitigation + GW Sustainability,4.863841102,140.9382279,93.8,74.41653701,5.0,74.12,0.185419248,78.6713716,,88.05,10.7,94.41741731
Gulbarga,Very High,Moderate,Low,Adaptation,5.339040447,118.4438698,12.5,48.77352998,100.0,41.06,0.047805462,81.32535736,,43.01,6.4,61.75
Gwalior,Low,High,Moderate,Mitigation,5.104064969,187.8038131,59.7,67.74326391,100.0,31.42,0.522477562,46.66479716,135.0,34.65,13.6,78.7
Hoshangabad,Low,High,Moderate,Mitigation,5.248978449,253.8468558,72.5,76.3500448,97.0,25.86,0.186395751,49.16321339,135.0,46.42,8.07,69.19
Jaisalmer,Very Low,Very Low,Moderate,No Data,5.575489109,140.232803,43.1,82.86068566,27.0,362.01,0.012789237,20.80962573,167.0,20.99,34.02,10.11759116
Kanpur Dehat,Very Low,Very High,High,Mitigation + GW Sustainability,4.925899382,147.5828779,72.1,77.14961805,14.0,74.12,0.448415063,71.09694461,,62.99,15.2,92.31712218
Kinnaur,Moderate,Very Low,Very Low,No Data,4.538013884,130.0493742,,31.1099718,98.0,,0.08769845,1.395219184,30.0,,12.51343577,83.02
Kolkata,No Data,No Data,No Data,No Data,4.653495846,,,,68.0,,12.83022535,,460.0,,13.21,
Koriya,Low,Very Low,Very Low,No Data,5.2,110.4624302,7.4,43.4294753,100.0,39.04,0.125057046,15.93188015,,30.65,6.9,74.25
Longding,Low,Very Low,Very Low,No Data,4.04,116.854067,,19.29752682,,,0.028297802,22.37867066,290.0,0.6,4.42638787,29.33
Mon,Moderate,Very Low,Very Low,No Data,4.080834283,122.4920828,13.6,23.27674443,,3.68,0.140892001,23.52733568,320.0,0.22,2.5,14.17
Nashik,High,High,High,All,5.342668364,118.9938122,51.0,69.80883795,100.0,58.41,2.998083576,47.55021108,155.0,69.92,7.49,76.81
Nicobar Islands,High,Very Low,Very Low,Adaptation,5.03,140.6716418,,81.98003351,100.0,0.28,0.011516192,0.169841692,175.0,0.57,-1.282069483,42.04
North Tripura,High,Very Low,Very Low,Adaptation,4.625085967,178.4669211,24.8,34.69170291,100.0,12.11,,15.51640263,405.0,30.85,2.275513681,95.87597681
Palghar,No Data,No Data,No Data,No Data,5.25,,5.4,62.35288833,100.0,23.85,0.287534627,,155.0,71.97,9.7,78.89
Palghar,No Data,No Data,No Data,No Data,5.25,,5.4,62.35288833,100.0,23.85,0.287534627,,155.0,71.97,9.7,78.89
Panch Mahals,High,Moderate,Moderate,Adaptation,5.420378418,130.4753403,42.6,74.60072525,100.0,21.81,,54.6305186,60.0,72.14,9.2,76.95
Panna,Moderate,Low,Moderate,No Data,5.190013106,167.8932243,34.6,70.09702949,100.0,36.48,0.593098457,36.68234404,135.0,55.65,9.5,79.19
Phek,Moderate,Very Low,Very Low,No Data,4.216171288,139.9310035,30.0,33.60941249,,2.41,0.009483781,17.59978675,320.0,0.1,3.276907238,29.82
Ramgarh,Moderate,Low,Low,No Data,5.03,127.1599317,13.8,40.89235008,10.0,62.3,131.0023368,12.55017929,95.0,72.83,5.9,76.78
Rudraprayag,Moderate,Moderate,Very Low,No Data,4.727994793,160.8429201,,39.71234519,,,0.001161415,7.922622191,285.0,0.5,15.54702057,92.91483114
Satna,Moderate,Moderate,Very High,GW Sustainability,5.158229151,176.8580627,39.4,72.59795549,99.0,65.59,0.653587537,50.58227555,135.0,73.14,10.19,84.36
Shimla,Moderate,Very Low,Low,No Data,4.8,119.5161691,,38.78309168,98.0,,0.007828103,13.78607991,30.0,5.7,11.9,88.01
Sirmaur,Low,Moderate,Low,No Data,4.723038334,189.1679667,38.5,52.76619718,,21.8385671,1.291715104,17.11166182,30.0,20.99,10.71219152,71.08
South Garo Hills,Moderate,Low,Very Low,No Data,4.36,127.6508526,39.7,29.41877361,,1.17,0.701159505,10.10772885,300.0,54.66,4.8,73.77
Tapi,High,Moderate,Low,Adaptation,5.31,130.317069,48.4,75.48095202,100.0,32.88,1.054161067,48.07379204,60.0,36.44,7.6,66.38
Tuensang,Moderate,Very Low,Very Low,No Data,4.086677071,130.1441613,13.7,27.0175031,,3.73,0.007382283,23.6767075,320.0,0.04,2.857153402,9.65
Upper Siang,Low,Very Low,Very Low,No Data,3.3,130.5043698,,9.312288613,,,0.001771955,45.2195029,290.0,,7.410003282,43.47
Wardha,High,Low,Moderate,Adaptation,5.268462247,122.7321238,9.5,66.34278092,100.0,53.55,0.435005774,59.59612021,155.0,90.36,7.3,62.87
Washim,Moderate,Low,High,GW Sustainability,5.32,142.3543689,9.9,62.09727648,99.0,60.2,0.411560014,64.23699084,155.0,88.08,9.9,75.18
West Khasi Hills,Low,Very Low,Very Low,No Data,4.341426007,140.5062357,72.2,28.28912111,,1.55,0.399639268,3.587264694,300.0,0.1,1.0,78.37
Wokha,Moderate,Very Low,Very Low,No Data,4.365005056,145.40844,19.8,31.12990776,,2.35,0.005339545,22.69856318,320.0,10.78,4.1,6.74
Budaun,Very Low,Very High,High,Mitigation + GW Sustainability,4.822347229,191.7630773,72.9,78.69418751,13.0,83.11,0.223841205,83.78908447,,53.12,12.3,93.3384398
Giridih,Very Low,High,Very Low,Mitigation,4.965798697,384.0058903,17.8,42.11978358,4.0,37.75,0.719478894,8.535868366,95.0,56.57,7.9,94.32
Lower Dibang Valley,Low,Very Low,Very Low,No Data,3.4,141.2743564,13.6,16.96046449,,0.19,,80.50379276,290.0,0.16,5.932945004,14.53
Mumbai Suburban,No Data,No Data,No Data,No Data,5.25,#DIV/0!,,56.33074935,100.0,,,,155.0,,8.7,
Perambalur,Moderate,Low,High,GW Sustainability,5.27,107.6070613,29.2,60.14536217,96.0,109.39,1.023622352,58.27846978,,70.19,6.52,94.42727018
Bahraich,Moderate,Moderate,Moderate,No Data,4.785331022,162.4738147,51.8,67.31779086,82.0,59.99,0.322226192,64.13194202,,47.69,4.0,95.41779082
Bundi,Low,High,Moderate,Mitigation,5.346499987,184.2483009,59.7,78.325773,48.0,102.17,,46.0415027,167.0,54.02,4.58,73.93771028
Dharwad,High,Low,Moderate,Adaptation,5.38029819,161.6996788,12.4,64.53925988,100.0,56.24,0.035137892,80.51524703,,48.12,9.1,65.87
Dhule,High,Moderate,High,Adaptation + GW Sustainability,5.336843069,125.0626566,25.2,74.64023894,98.0,51.77,1.510906187,48.9904502,155.0,79.32,8.18,71.35
Garhchiroli,Moderate,Very Low,Low,No Data,5.23,133.6376404,30.8,66.39120668,100.0,24.37,0.207516326,9.546795388,155.0,28.02,6.16,73.02
Hisar,Very Low,High,High,Mitigation + GW Sustainability,4.870698283,195.6762128,90.4,81.85174213,62.0,88.17,,82.89373448,10.0,30.53,9.07,60.48
Jehanabad,Very Low,High,Moderate,Mitigation,4.911420585,188.3520062,78.3,63.0437405,2.0,82.21,0.168156878,38.53343683,67.5,61.3,4.8,97.55
Jhajjar,Very Low,High,High,Mitigation + GW Sustainability,4.84,199.8270116,91.7,80.60956114,99.0,54.14,0.073530541,69.85692239,10.0,53.16,3.2,75.37
Kota,Moderate,Very High,Very High,Mitigation + GW Sustainability,5.294689022,191.1990655,55.4,73.42355933,100.0,105.44,8.107920697,51.85364517,167.0,53.77,6.52,66.71240576
Narsimhapur,Low,High,Very High,Mitigation + GW Sustainability,5.273437169,192.2705887,61.8,77.19272751,97.0,66.95,0.140980653,60.74474692,135.0,83.65,9.5,71.98
Raisen,Low,Moderate,High,GW Sustainability,5.217000246,185.6111125,62.5,74.95378094,91.0,53.67,0.324235528,51.29084555,135.0,59.11,8.8,63.81
Surat,Moderate,Moderate,High,GW Sustainability,5.332278593,109.7897053,76.9,81.88670263,100.0,39.9,0.604335504,50.47100681,60.0,36.39,6.8,72.56
Thiruvarur,Very High,Very High,High,All,5.39,190.9082112,69.5,54.87413306,93.0,66.07,7.342557404,73.91575946,,10.73,4.15,88.5687575
Tonk,Moderate,High,Very High,Mitigation + GW Sustainability,5.300126301,157.7111942,43.0,63.04848647,98.0,101.98,9.033607698,66.06110664,167.0,87.33,7.3,61.91912951
Vidisha,Low,Moderate,High,GW Sustainability,5.217983198,196.6570488,45.5,70.76423359,83.0,64.4,0.657704261,73.80542511,135.0,58.71,8.68,62.86
Amethi,Low,Very High,Moderate,Mitigation,4.8,172.0208616,89.1,73.82362857,5.0,64.61,0.444122613,60.69328005,,67.01,6.678061834,96.52286628
Bageshwar,Moderate,Moderate,Very Low,No Data,4.9,176.5605759,,44.9641302,,,0.080254939,10.15574646,285.0,,19.34168219,99.62327687
Ballia,Low,Very High,Moderate,Mitigation,4.779233893,163.1768753,80.8,72.751499,2.0,63.71,0.19330224,72.45818923,,68.64,6.0,94.55776474
Bauda,Very High,Very Low,Very Low,Adaptation,5.14,106.8863221,40.5,34.58017023,87.0,45.23,,35.92748481,150.0,7.93,4.9,89.82
Bijnor,Very Low,Very High,Moderate,Mitigation,4.791547764,138.266665,96.6,72.76212736,5.0,71.85,0.577084436,68.37701407,,81.12,7.9,89.01453641
Bilaspur-HP,Moderate,Very Low,Low,No Data,5.18040547,113.3525062,44.4,44.54786941,99.0,,0.065445691,45.20161051,30.0,28.04,8.550968873,91.25
Buldana,Moderate,High,High,Mitigation + GW Sustainability,5.330881007,131.5632667,6.2,65.67047001,100.0,76.95,0.364662764,59.00113742,155.0,94.31,10.5,80.06
Chamba,Low,Very Low,Very Low,No Data,4.197417754,176.0646928,,26.91639476,65.0,,0.051653546,5.697128473,30.0,1.61,6.756373437,93.52
Dungarpur,High,Moderate,High,Adaptation + GW Sustainability,5.492132149,156.1778868,25.0,78.21723962,91.0,59.85,0.07819918,34.24757697,167.0,54.72,6.75,86.53425032
East Siang,Low,Very Low,Very Low,No Data,3.484428187,162.3977551,16.0,13.01566164,,0.32,0.003449694,58.8324142,290.0,0.72,8.8,16.22
Fatehpur,Very Low,Very High,High,Mitigation + GW Sustainability,4.946827538,154.2140495,74.8,76.88285018,18.0,72.41,0.112607983,70.49459166,,93.52,10.0,92.42696696
Gajapati,High,Low,Very Low,Adaptation,4.95,116.9342846,58.0,37.01602781,50.0,35.92,0.167352408,19.39013209,150.0,12.97,4.7,90.97
Gomati,High,Very Low,Low,Adaptation,4.59,182.5030407,26.6,36.79733111,100.0,5.92,,27.05441505,405.0,16.8,3.6,93.82535121
Hardoi,Low,Very High,Moderate,Mitigation,4.832647699,159.2039065,81.9,76.45915566,41.0,61.99,0.371571855,69.99729493,,67.73,5.6,94.88291414
Idukki,High,Very Low,Low,Adaptation,4.834895869,125.1687084,17.8,47.50738728,99.0,54.21,1.839206114,46.90118443,195.0,40.39,5.24,97.44
Jabalpur,Low,High,Very High,Mitigation + GW Sustainability,5.243926541,207.7119111,61.0,74.06926737,97.0,51.31,0.094381164,53.75319621,135.0,66.54,11.5,80.29
Jaintia Hills,Low,Very Low,Very Low,No Data,4.23,100.6763133,63.3,32.20102373,,1.22,0.271126612,3.192985276,300.0,,1.0,
Kandhamal,High,Very Low,Very Low,Adaptation,5.05,102.0168286,5.4,30.5492918,77.0,30.23,0.00376247,10.47504816,150.0,14.57,7.49,95.35
Kangra,Low,Very Low,Low,No Data,4.543960435,191.2327643,34.8,32.14579055,69.0,23.26920419,0.049956777,17.72673846,30.0,27.04,4.8,90.75
Kanniyakumari,Very High,High,Moderate,Adaptation + Mitigation,5.25696994,108.6879166,37.2,52.25637475,94.0,15.55,264.4970589,43.70035885,,9.19,6.01,99.46156181
Kishtwar,Moderate,Very Low,Very Low,No Data,3.2,123.5637901,15.8,38.59952988,,15.17,0.001658552,14.69744321,235.0,1.8,12.42588414,96.44
Kohima,Moderate,Very Low,Very Low,No Data,4.316956218,136.1219772,25.3,34.44289843,41.0,5.84,0.00463589,21.1746988,320.0,0.05,4.5,11.71
Kollam,High,Very Low,Low,Adaptation,5.105144647,110.4130114,6.3,39.21291289,99.0,51.93,1.527236735,49.25438526,195.0,46.1,7.47,99.84
Kurung Kumey,Low,Very Low,Very Low,No Data,2.77,123.1675393,,18.09110928,,,,21.57582604,290.0,0.22,3.326306909,34.82
Malappuram,High,Very Low,Moderate,Adaptation,5.041365639,130.7849856,18.6,52.81620217,98.0,71.55,0.380656588,49.58784175,195.0,48.04,8.3,99.39
Mirzapur,Low,High,Moderate,Mitigation,5.031441115,168.1959176,72.7,72.59236395,47.0,62.7,0.289853275,46.87872922,,58.51,7.9,89.66334627
Mokokchung,Low,Very Low,Very Low,No Data,4.211194232,142.2881102,15.9,28.19109649,,1.25,0.051078556,20.72304112,320.0,1.38,2.6,25.92
Morena,Low,High,Very High,Mitigation + GW Sustainability,5.154909841,189.4167774,57.6,59.31193608,83.0,40.13,0.684171265,55.95113278,135.0,69.03,18.3,87.12
Mumbai City,No Data,No Data,No Data,No Data,5.3,,,,100.0,,,,155.0,,4.1,
Namakkal,Very Low,High,High,Mitigation + GW Sustainability,5.44,140.8372245,40.8,73.16236293,69.0,119.19,0.216264436,45.47560429,,77.15,8.39,88.65102225
Navsari,High,High,Moderate,Adaptation + Mitigation,5.32,134.2915058,75.3,77.08674705,91.0,27.14,1.706945588,44.49525692,60.0,40.77,7.6,83.15
Poonch,High,Very Low,Very Low,Adaptation,4.62,166.3783702,13.2,33.39792004,99.0,14.77,0.000393476,23.24949074,235.0,22.28,4.026303899,90.26
Ramanathapuram,Very High,High,Moderate,Adaptation + Mitigation,5.497077647,104.4488493,43.5,62.60628035,91.0,6.54,6.461451566,45.27346396,,13.41,5.7,94.20430576
Sambhal,Low,High,High,Mitigation + GW Sustainability,4.8,178.2727709,73.9,71.75696782,30.0,87.28,0.902679465,82.34745037,,75.84,4.48,93.65653277
Sant Ravi Das Nagar,Very Low,Very High,Moderate,Mitigation,4.96,163.6111673,85.4,74.18659932,2.0,79.79,,62.29074121,,66.24,7.64,98.64048095
Subarnapur,Very High,Low,Low,Adaptation,5.1,135.7853121,59.6,36.68447572,83.0,48.78,0.460379751,53.67500482,150.0,11.0,3.81,89.03
Thane,High,Low,Low,Adaptation,5.169859806,110.21611,5.4,64.31008744,100.0,19.07,0.173178465,38.16000857,155.0,75.59,4.5,82.54
Thanjavur,Moderate,High,Very High,Mitigation + GW Sustainability,5.442865344,167.1790934,90.3,57.96889901,85.0,102.85,38.69389117,58.2784986,,18.48,5.5,93.31510038
Tumkur,Low,Low,High,GW Sustainability,5.5333333,114.6395989,31.5,58.87534055,100.0,91.77,0.869338265,54.48887303,,76.84,9.8,82.36
Unnao,Very Low,Very High,High,Mitigation + GW Sustainability,4.87166795,164.8061216,81.8,78.57303287,9.0,61.31,0.534891456,67.44027882,,80.22,6.19,95.65216558
Varanasi,Very Low,Very High,High,Mitigation + GW Sustainability,4.960051498,162.4992623,84.1,74.65306767,13.0,87.78,0.072842071,66.59112642,,76.45,9.0,99.10440795
West Tripura,High,Low,Low,Adaptation,4.585573781,188.7582638,24.4,36.32777778,100.0,21.21,,31.9601132,405.0,34.4,5.1,97.87126314
Y.S.R.,Moderate,Moderate,Moderate,No Data,5.19,106.9133318,48.5,68.41737981,99.0,33.85,1.577394722,22.19682271,,80.76,6.9,84.83
Amravati,Moderate,Moderate,Moderate,No Data,5.252100882,129.8345013,9.0,65.60169477,60.0,91.83,0.68046038,54.89891135,155.0,90.92,10.03,74.53
Bangalore,Very Low,Low,Moderate,No Data,5.329,125.8219271,28.4,49.94091804,8.0,150.84,0.00179019,16.97024056,,72.78,10.4,93.38
Bharuch,Moderate,Moderate,High,GW Sustainability,5.377584175,107.7377346,51.0,75.53729833,100.0,30.91,0.932624741,59.02102634,60.0,52.17,5.7,66.35
Bhilwara,Moderate,High,Very High,Mitigation + GW Sustainability,5.47755822,157.2476575,36.5,77.51224811,96.0,163.3,64.40571026,41.78138962,167.0,82.98,10.9,76.80447401
Bikaner,Low,Moderate,Moderate,No Data,5.339230048,122.4691642,46.3,77.40335389,40.0,137.21,,51.81298046,167.0,28.94,36.7,12.43767475
Datia,Low,High,Very High,Mitigation + GW Sustainability,5.096299259,196.1316072,65.8,72.47744173,100.0,36.05,0.4029853,72.34913225,135.0,50.44,13.1,77.06
Dhar,Low,High,Very High,Mitigation + GW Sustainability,5.320717304,212.0834665,51.0,75.48705211,100.0,65.4,0.947833954,61.86170063,135.0,58.71,10.4,70.96
East Nimar,Low,High,High,Mitigation + GW Sustainability,5.261862613,186.210574,44.0,74.64207307,84.0,41.48,,40.98342479,135.0,79.42,7.9,67.22
Gumla,Low,Very Low,Low,No Data,5.124588746,125.7023783,5.8,35.92572164,37.0,17.84,0.463180527,24.65404497,95.0,75.55,5.5,77.87
Haveri,Low,Moderate,Very High,GW Sustainability,5.39,145.1802093,28.0,62.2218019,100.0,60.99,0.391999909,77.59957622,,57.16,10.7,76.04
Latur,High,High,Very High,All,5.302484697,117.0435081,50.7,65.51249751,99.0,54.88,2.446926717,81.57049043,155.0,91.9,9.9,78.03
Pali,Moderate,Very Low,High,GW Sustainability,5.583300189,126.8826631,21.3,76.124317,90.0,159.03,0.747094122,51.15503548,167.0,96.76,7.8,54.14357172
Sagar,Low,High,High,Mitigation + GW Sustainability,5.203226074,185.9555334,41.0,71.09588049,97.0,59.29,0.214393035,56.16709313,135.0,65.45,10.4,76.08
Sukma,Low,Very Low,Very Low,No Data,5.13,100.5735265,1.0,45.21549818,92.0,4.12,0.001631351,16.61271009,,36.45,5.152473644,46.18
West Nimar,Moderate,High,High,Mitigation + GW Sustainability,5.290630644,187.5350705,71.3,78.39880437,91.0,45.93,,50.85206625,135.0,69.51,7.8,71.4
West Siang,Low,Very Low,Very Low,No Data,3.31540303,120.0395984,43.9,12.35352592,,0.16,0.002955504,49.85194585,290.0,11.37,6.128331776,40.06
Yavatmal,High,Low,Low,Adaptation,5.28,121.1376774,4.3,66.42,100.0,33.75,0.852386951,56.30593979,155.0,86.46,8.09,59.89
Azamgarh,Very Low,Very High,Moderate,Mitigation,4.815542975,179.7264713,96.5,75.91985586,18.0,61.14,0.657224129,67.67706304,,81.77,5.98,96.20526468
Barabanki,Very Low,Very High,High,Mitigation + GW Sustainability,4.807580693,288.2523424,93.2,69.03545892,30.0,63.13,0.749329924,67.48321483,,71.75,6.34,96.27316425
Bulandshahr,Very Low,Very High,Very High,Mitigation + GW Sustainability,4.83295055,176.161544,100.0,78.99051829,30.0,95.56,0.085586732,82.02940483,,78.22,8.9,90.5776934
Chandauli,Low,Very High,Moderate,Mitigation,4.9,184.7951144,92.3,72.2550778,27.0,54.92,7.98448e-05,53.44549954,,42.8,5.28,94.42057305
Ghazipur,Low,Very High,High,Mitigation + GW Sustainability,4.865613738,171.3030393,88.3,73.30358943,33.0,59.18,0.128729939,78.17528675,,62.82,6.3,95.77060983
Hamirpur,Low,Very Low,Low,No Data,4.747574654,201.7765471,4.6,42.72932378,99.0,75.5,0.045686277,29.15971113,30.0,14.89,5.6,88.31
Hardwar,Very Low,Very High,Moderate,Mitigation,4.762332507,144.4698085,95.5,64.80685821,,65.4,0.247757379,46.50244892,285.0,81.15,6.4,89.31748513
Kasganj,Very Low,Very High,High,Mitigation + GW Sustainability,4.83,192.9535782,85.1,75.45210794,16.0,67.65,0.099807163,72.5538213,,58.2,5.4,92.76926828
Kushinagar,Low,High,Moderate,Mitigation,4.6,165.3443145,89.7,73.41774074,88.0,51.18,0.534763209,72.98443402,,69.42,3.0,97.1420087
Lakhimpur Kheri,Low,Very High,Moderate,Mitigation,4.76,142.9438713,92.7,72.90829025,1.0,60.79,,62.62273741,,84.03,4.3,92.34144059
Mau,Very Low,Very High,Moderate,Mitigation,4.785778574,165.6638424,96.9,75.72974821,11.0,64.62,0.747022546,69.8008437,,82.36,5.61,96.99554161
Nagappattinam,High,Moderate,High,Adaptation + GW Sustainability,5.46,162.647928,61.0,57.36515411,83.0,,4.589925035,48.4895445,,14.41,6.13,90.53207325
Palakkad,High,Very Low,Moderate,Adaptation,5.07979516,132.9562049,34.4,45.8191937,93.0,59.75,1.354291139,44.82711625,195.0,36.21,8.5,98.15
Saharanpur,Very Low,Very High,High,Mitigation + GW Sustainability,4.759098639,161.1017746,95.2,69.40945296,34.0,100.62,0.002604926,72.78657251,,82.93,9.64,83.23953455
Shahjahanpur,Moderate,High,Very High,Mitigation + GW Sustainability,4.817463201,124.9718568,93.3,74.23810208,87.0,64.06,0.605848465,79.3955686,,62.62,7.7,91.50255013
Shimoga,High,Moderate,High,Adaptation + GW Sustainability,5.27885296,131.9409262,62.0,51.74001695,100.0,40.62,3.491721857,29.33601012,,28.31,7.6,87.04
Adilabad,Moderate,Moderate,High,GW Sustainability,5.270345856,143.0109362,26.2,64.45411191,100.0,28.28,0.052180007,50.17160584,,51.89,6.9,80.9
Agar Malwa,Low,Very High,Very High,Mitigation + GW Sustainability,5.33,199.0952042,41.0,71.26327308,97.0,89.94,1.351505153,68.56496122,135.0,80.26,10.30574665,74.41
Aligarh,Very Low,Very High,Very High,Mitigation + GW Sustainability,4.86468739,183.9276579,85.8,75.13057994,60.0,80.41,0.224237533,82.13628687,,78.06,7.8,86.54520206
Amreli,Moderate,High,Very High,Mitigation + GW Sustainability,5.528613835,135.2451754,37.4,78.71211912,100.0,50.38,0.512845764,76.11880146,60.0,99.15,14.4,60.15
Amroha,Very Low,Very High,High,Mitigation + GW Sustainability,4.79,170.5394191,87.3,76.04743083,14.0,91.75,0.00027346,72.1180935,,88.13,12.5,90.1285041
Baghpat,Very Low,Very High,Very High,Mitigation + GW Sustainability,4.79,160.4353203,100.0,76.91420733,16.0,97.12,0.537951987,79.67892253,,88.53,22.0,86.967387
Bhavnagar,Moderate,High,High,Mitigation + GW Sustainability,5.49284109,139.3635945,37.9,79.10671067,100.0,42.78,0.660510567,66.78487626,60.0,99.34,12.4,67.51
Bidar,Low,High,Moderate,Mitigation,5.29318866,143.5360496,7.7,57.28539874,99.0,58.63,0.95095366,71.08912536,,91.02,8.1,73.87
Botad,Moderate,High,Moderate,Mitigation,5.56,129.6899881,33.5,80.53993834,100.0,50.26,0.513466749,80.05841678,60.0,97.62,9.916796709,56.94
Changlang,Moderate,Very Low,Very Low,No Data,3.733700256,128.6877109,24.6,25.10921904,77.0,0.48,0.001719929,33.93347368,290.0,10.15,3.5,49.63
Chhindwara,Low,Moderate,High,GW Sustainability,5.245042025,174.930475,33.4,72.11565786,88.0,63.24,0.720776038,43.30450164,135.0,68.66,12.4,72.21
Chhota Udaipur,Moderate,Very High,High,Mitigation + GW Sustainability,5.37,120.0238623,62.9,74.46965071,100.0,39.95,1.092142498,63.06030262,60.0,86.16,9.235566764,71.72
Chitradurga,Very Low,Low,Very High,GW Sustainability,5.456629581,128.6826247,26.3,67.61566631,100.0,132.25,0.202516087,58.24365319,,82.65,11.0,71.58
Damoh,Very Low,Moderate,High,GW Sustainability,5.212894692,198.7943885,36.4,70.83092395,98.0,58.48,0.134020214,44.25151287,135.0,60.64,10.6,78.54
Dewas,Low,Very High,Very High,Mitigation + GW Sustainability,5.255948134,206.3222306,51.3,71.62905064,73.0,80.0,3.278112755,58.60628797,135.0,85.27,12.4,72.4
Dhamtari,Very Low,Very Low,Low,No Data,5.1,146.0953121,71.4,47.56174794,100.0,78.22,0.512658389,34.67354903,,20.22,7.3,89.24
Garhwal,Moderate,Very Low,Low,No Data,4.815441288,141.6949741,,44.69302453,94.0,,,6.028054495,285.0,17.05,12.97035653,95.27492599
Guna,Low,Very High,High,Mitigation + GW Sustainability,5.247731106,197.7767666,47.2,69.80695491,100.0,64.96,1.087311046,53.65317725,135.0,61.36,12.1,70.01
Hathras,Very Low,Very High,High,Mitigation + GW Sustainability,4.87,171.1433793,87.5,67.72839436,1.0,93.83,0.432227375,82.91360218,,78.3,11.6,88.9057118
Hugli,Moderate,Very High,High,Mitigation + GW Sustainability,4.770146463,245.7599954,24.7,43.41487716,85.0,53.74,2.976822345,67.2974258,460.0,61.15,11.32,98.15058879
Jaipur,Very Low,High,Very High,Mitigation + GW Sustainability,5.235897545,157.446183,35.2,70.57114371,92.0,225.93,0.09655575,57.097373,167.0,99.13,34.26,72.05350004
Kancheepuram,Moderate,Moderate,High,GW Sustainability,5.3,150.6965552,95.8,58.97165506,95.0,50.55,56.91315584,23.15827756,,42.68,4.71,94.39833142
Karimnagar,Moderate,High,Very High,Mitigation + GW Sustainability,5.325536197,178.2610781,81.8,68.02817575,99.0,27.79,0.511296027,68.19664166,,62.59,8.75,92.70389607
Katihar,Very Low,High,Moderate,Mitigation,4.567824347,172.5218593,75.3,43.26615345,4.0,53.22,0.264282418,45.22136681,67.5,91.26,4.6,97.0
Katni,Low,High,Very High,Mitigation + GW Sustainability,,182.7888241,62.6,75.6472411,99.0,47.12,1.347468232,51.09999757,135.0,61.79,10.1,84.32
Kolar,Low,Moderate,Very High,GW Sustainability,5.451443781,116.0555975,13.0,52.56536823,98.0,172.8,1.425708604,56.10348672,,78.46,12.3,92.52
Lohit,Moderate,Very Low,Very Low,No Data,3.61204407,163.9272727,9.0,16.63818722,83.0,0.37,0.005919765,68.94150418,290.0,5.08,3.3,53.87
Mahisagar,Moderate,High,High,Mitigation + GW Sustainability,5.45,167.9637827,57.1,79.05316259,100.0,47.18,1.234943245,49.53475207,60.0,72.18,8.809872209,78.8
Mathura,Very Low,High,High,Mitigation + GW Sustainability,4.893390106,153.6298886,82.8,79.37513898,36.0,71.42,0.08808766,80.54267274,,59.9,5.53,76.28889592
Muzaffarnagar,Very Low,Very High,Very High,Mitigation + GW Sustainability,4.776743042,145.0271374,100.0,73.90674223,19.0,76.27,0.330154053,72.99286966,,82.1,13.27,87.03908874
Nainital,Very Low,High,Moderate,Mitigation,4.795028615,166.4595152,54.6,58.90769155,18.0,55.26,,9.502875612,285.0,28.65,23.5,87.47816078
Neemuch,Very Low,High,Very High,Mitigation + GW Sustainability,5.49,203.3484262,41.6,71.55653137,83.0,99.23,0.613040859,44.16485625,135.0,82.19,10.33,82.02
Nizamabad,Low,Very High,Very High,Mitigation + GW Sustainability,5.356955877,186.0290785,87.6,66.3832872,100.0,54.89,12.8009069,53.82510655,,70.41,10.58,91.04495745
Palwal,Moderate,High,Very High,Mitigation + GW Sustainability,4.85,120.4041952,98.0,82.46625034,100.0,94.36,1.402371074,76.80622071,10.0,73.58,7.8,80.18
Pratapgarh,Low,Very Low,High,GW Sustainability,4.904740919,177.4246546,42.4,72.00086308,100.0,128.5,0.151711881,45.97484796,167.0,57.52,7.14,80.31123628
Puducherry,Low,Very High,Very High,Mitigation + GW Sustainability,5.483129227,198.0777224,89.3,70.55781682,,81.68,6.594410415,32.75920757,,85.14,8.0,94.75
Pudukkottai,High,High,High,All,5.37,110.043472,84.2,61.66718059,96.0,49.34,41.5735095,31.02766502,,30.28,7.0,93.90399722
Rajkot,Low,Moderate,High,GW Sustainability,5.580419305,167.6291071,42.2,79.23703166,100.0,62.85,0.47186189,65.98092854,60.0,98.8,9.6,66.56
Rampur,Very Low,Very High,Very High,Mitigation + GW Sustainability,4.796151432,189.6460487,96.2,69.07287534,22.0,74.65,0.249819442,79.8460925,,89.45,6.8,89.92286084
Ranga Reddy,Moderate,High,Very High,Mitigation + GW Sustainability,5.344206039,119.6037746,29.0,67.5751909,100.0,52.42,1.27239148,45.32026786,,90.45,10.9,85.98285697
Salem,Very Low,High,High,Mitigation + GW Sustainability,5.410126968,146.0631417,43.1,62.74866432,71.0,135.64,0.279930573,40.95883042,,80.85,10.21,92.85403917
Sant Kabir Nagar,Low,Very High,High,Mitigation + GW Sustainability,4.71,188.7886598,50.3,71.4402737,9.0,63.24,0.993806875,69.2500429,,80.37,4.622467379,95.9155101
Shamli,Very Low,Very High,Very High,Mitigation + GW Sustainability,4.649067731,159.9947223,100.0,73.73231864,7.0,103.48,0.063080049,83.10111761,,84.2,17.36951473,88.95939292
Sheopur,Very Low,High,High,Mitigation + GW Sustainability,4.6,194.7551005,61.6,73.24001198,99.0,38.47,0.06393262,25.81429536,135.0,50.09,15.8,72.72
Shivpuri,Very Low,Moderate,High,GW Sustainability,5.217646316,189.9057011,39.6,73.00221583,97.0,67.67,0.778885891,47.56521995,135.0,69.23,13.23,74.72
Shravasti,Moderate,Moderate,Moderate,No Data,4.8,173.6777338,44.3,69.7345989,79.0,57.14,0.307016821,64.45846532,,73.85,3.4,94.03178842
Sikar,Low,High,Very High,Mitigation + GW Sustainability,5.211293622,140.872591,37.2,69.27026036,53.0,192.11,13.96988662,65.60208234,167.0,99.18,49.0,67.4582433
Sirohi,Low,High,Very High,Mitigation + GW Sustainability,5.589655737,135.129898,57.9,74.64420374,45.0,116.95,1.726559033,33.27869454,167.0,97.92,12.3,64.557668
Sivaganga,Moderate,Low,Moderate,No Data,4.227319863,100.6411749,65.4,57.46043629,94.0,28.63,4.102966735,26.65791358,,17.62,10.64,94.63903922
Tikamgarh,Very Low,Moderate,Very High,GW Sustainability,5.196027162,199.4576871,41.8,73.51443124,100.0,81.83,0.847497207,62.26477944,135.0,73.1,10.46,78.78
Tiruvannamalai,Low,High,Very High,Mitigation + GW Sustainability,5.339393121,155.9572855,80.6,58.78995038,97.0,80.19,52.74298087,38.64750755,,76.01,5.45,95.391459
Udupi,Moderate,Low,Moderate,No Data,5.22,139.9157475,29.6,51.58388129,100.0,33.75,1.808504907,30.70114407,,70.97,7.5,92.22
Ujjain,Very Low,High,Very High,Mitigation + GW Sustainability,5.313151154,199.921115,44.8,71.13178111,62.0,108.83,0.716823709,83.97439471,135.0,80.64,11.26,68.68
Una,Very Low,High,Moderate,Mitigation,4.69528053,193.4361496,32.9,45.16832238,,61.82135376,0.37346328,25.99047287,30.0,89.82,7.2,85.29
Uttar Dinajpur,Moderate,High,Low,Mitigation,4.47,199.3894998,31.4,39.09088143,42.0,46.86,0.911613868,87.33462201,460.0,95.2,3.7,95.12613529
Vaishali,Very Low,Moderate,High,GW Sustainability,4.727949314,148.1497948,68.0,62.15815191,100.0,69.46,0.376357746,58.05935994,67.5,88.31,5.9,98.19
Virudunagar,High,Moderate,High,Adaptation + GW Sustainability,5.41,105.1610308,36.6,62.57213343,94.0,56.75,11.13802575,32.80449092,,65.31,8.22,89.64023198
Doda,High,Very Low,Very Low,Adaptation,4.200650443,124.9116136,8.7,31.90107419,97.0,47.37,0.000996941,15.96511126,235.0,1.87,8.428274296,94.83
Kheda,Moderate,Very High,Very High,Mitigation + GW Sustainability,5.509280115,167.8410847,90.9,79.60827971,100.0,40.34,1.034872305,79.14978052,60.0,61.07,10.6,85.74
Krishnagiri,Very Low,Moderate,High,GW Sustainability,5.47,144.3647741,36.3,58.70057216,93.0,86.17,0.829629704,32.81012432,,76.64,9.75,94.10208557
Medak,Moderate,Very High,High,Mitigation + GW Sustainability,5.351729992,134.7341944,62.0,69.64176185,100.0,47.06,0.627665881,54.07987646,,81.09,14.7,91.25717644
North 24 Parganas,Low,Very High,High,Mitigation + GW Sustainability,4.682321376,224.1214764,25.8,41.9784055,11.0,67.9,1.725278111,59.69305916,460.0,94.13,5.1,98.07023778
Purba Medinipur,High,Moderate,High,Adaptation + GW Sustainability,4.8,186.3877726,4.8,43.42062882,98.0,36.27,1.225986152,71.84551456,460.0,58.5,14.23,99.62725438
Rajsamand,Low,Low,High,GW Sustainability,5.59,143.1033637,31.8,80.02187386,82.0,123.39,0.331566251,22.49569441,167.0,95.26,9.12,85.37691531
Udaipur,Moderate,Moderate,Very High,GW Sustainability,5.557065916,147.6791206,28.9,77.41103335,81.0,102.41,3.293445838,17.40620457,167.0,89.24,7.54,84.40219105
Jalgaon,Moderate,Moderate,High,GW Sustainability,5.323341972,122.2691162,22.3,74.16894829,99.0,78.76,0.450725396,69.21556835,155.0,85.3,12.43,76.73
Ratlam,Very Low,Moderate,Very High,GW Sustainability,5.347865279,202.0096131,41.5,72.79882813,100.0,135.14,0.521688495,70.7187345,135.0,71.54,17.4,75.09
Shajapur,Low,High,Very High,Mitigation + GW Sustainability,5.2843806,203.5404027,42.2,70.66562066,98.0,106.9,0.88379103,84.26106808,135.0,72.16,10.18,73.44
Allahabad,Low,Very High,High,Mitigation + GW Sustainability,4.986538622,178.0265818,89.0,75.68200445,41.0,73.27,1.070389464,60.37258964,,53.84,7.57,93.36813158
Ambedkar Nagar,Very Low,Very High,High,Mitigation + GW Sustainability,4.79,168.8152012,95.9,74.79532289,43.0,62.98,0.602768735,72.72388581,,89.69,6.21,97.60832774
Anantnag,Moderate,Low,Moderate,No Data,4.391715103,150.7988348,72.8,54.19009169,93.0,22.33,0.006922325,62.76541226,235.0,0.47,17.3,99.11
Dadra and Nagar Haveli,Low,Low,Low,No Data,5.223336001,0.175729276,33.5,66.2079187,45.0,131.53,,44.98881887,110.0,58.47,7.489823133,81.93
Dindigul,Very Low,Very Low,High,GW Sustainability,5.254436276,103.4230151,37.7,65.13956789,86.0,114.68,0.171079405,35.13621335,,85.17,9.4,88.01978928
Faizabad,Very Low,Very High,High,Mitigation + GW Sustainability,4.800622278,180.4685468,92.6,73.28872572,35.0,62.57,,62.04344786,,86.32,5.6,96.10456752
Hapur,Very Low,Very High,Very High,Mitigation + GW Sustainability,4.8,163.6494484,100.0,76.05705813,60.0,98.0,0.369179897,75.99670972,,78.99,11.8742751,91.53963344
Jaunpur,Very Low,Very High,High,Mitigation + GW Sustainability,4.882798345,180.8401692,82.3,72.41505298,31.0,71.31,0.598073614,68.74382369,,70.25,5.5,97.30022464
Kannauj,Very Low,Very High,Very High,Mitigation + GW Sustainability,4.86,188.2346362,92.8,71.98954209,3.0,75.12,0.260716675,72.73523374,,87.53,10.3,95.8089136
Karur,Low,High,High,Mitigation + GW Sustainability,5.6,104.9077628,50.9,73.65062422,94.0,99.12,0.530074623,27.89433514,,80.0,6.52,84.70500305
Kathua,Moderate,Very Low,Low,No Data,4.571526397,195.0694456,36.2,65.62005721,100.0,30.52,0.035716929,22.60964531,235.0,14.55,5.8,88.32
Khammam,Moderate,High,Moderate,Mitigation,5.165489432,156.6669251,68.6,65.05185327,100.0,32.39,0.73890149,60.45229259,,38.59,6.78,87.24404931
Leh (Ladakh),No Data,No Data,No Data,No Data,4.1,,100.0,62.48478878,,43.67,0.001267989,,235.0,1.07,20.7,93.74
Lucknow,Very Low,Very High,High,Mitigation + GW Sustainability,4.813734693,163.0848992,93.0,77.84347399,10.0,65.94,0.832527298,48.37477543,,77.17,14.2,95.53825978
Madurai,High,High,High,All,5.338780043,111.6801244,52.0,57.59642113,78.0,65.41,136.7023017,34.72003592,,37.03,9.43,95.3703882
Meerut,Very Low,Very High,High,Mitigation + GW Sustainability,4.792915869,149.070779,100.0,67.53913675,21.0,77.27,0.378343225,71.32946283,,84.83,13.28,87.3390458
Pithoragarh,Moderate,Very Low,Low,No Data,4.525447582,175.985303,,35.89734282,98.0,,0.002481227,4.665248937,285.0,0.04,16.98352304,98.65854651
Samba,Moderate,Very Low,Low,No Data,4.68,185.1700722,33.4,38.60496975,100.0,16.59,0.017884532,39.5198267,235.0,23.0,6.9,88.32
Sipahijala,High,Low,Low,Adaptation,4.58,215.7844123,22.5,37.59091281,100.0,11.73,,44.38688397,405.0,31.65,4.250042135,95.9186661
Thiruvallur,Low,Moderate,High,GW Sustainability,5.3,168.2495547,95.9,57.70115726,97.0,54.89,2.33869688,28.40999911,,63.1,4.74,94.86465442
Thrissur,Moderate,Low,Moderate,No Data,5.145567892,125.395575,43.9,38.83947728,93.0,60.94,1.033594851,44.00087152,195.0,58.53,7.1,99.61
Uttara Kannada,Moderate,Low,Moderate,No Data,5.201805059,126.1417512,34.7,59.2386745,99.0,32.11,1.269052369,12.16527322,,50.71,7.0,91.7
Warangal,Low,High,Very High,Mitigation + GW Sustainability,5.268521356,167.2554833,83.5,65.53807271,100.0,56.86,0.611764432,70.45618813,,65.65,8.44,92.42362931
Bharatpur,Very Low,Very High,Very High,Mitigation + GW Sustainability,4.97766979,157.5802319,60.0,63.88490107,73.0,120.76,0.222435806,77.78391712,167.0,97.08,14.7,80.98019694
Bhopal,Low,High,Very High,Mitigation + GW Sustainability,5.230593691,197.3540504,47.0,71.03235747,96.0,78.3,2.344403148,54.96041457,135.0,74.06,11.3,68.48
Burhanpur,Very Low,High,High,Mitigation + GW Sustainability,5.22,168.4934854,55.1,77.84411394,99.0,69.8,0.538039196,29.85023677,135.0,80.57,12.3,70.13
Chhatarpur,Very Low,High,Very High,Mitigation + GW Sustainability,5.177172354,199.7349929,42.1,67.19477822,94.0,65.42,1.89875239,55.09144462,135.0,75.36,10.4,74.84
Chittaurgarh,Very Low,Moderate,Very High,GW Sustainability,5.494560988,182.3549134,46.6,75.87968686,99.0,156.43,0.464364594,44.50055616,167.0,92.2,8.8,77.02885267
Churu,Very Low,Moderate,Moderate,No Data,5.140316497,128.6196589,20.9,69.80322572,51.0,125.84,,80.93635567,167.0,91.71,36.1,20.39842638
Dahod,Moderate,High,High,Mitigation + GW Sustainability,5.41,178.0582637,33.2,76.67569604,100.0,39.49,1.517837741,61.23499237,60.0,90.36,7.0,61.74
Devbhumi Dwarka,Very Low,High,High,Mitigation + GW Sustainability,5.57,194.9076074,23.9,74.24606917,99.0,56.5,0.43980749,59.70908181,60.0,92.86,10.67485491,54.79
Ganganagar,Low,Moderate,Moderate,No Data,5.038760638,169.1270657,89.6,80.4288538,45.0,39.53,,67.50734023,167.0,2.67,13.0,11.0110926
Jamnagar,Low,High,Moderate,Mitigation,5.55961435,156.0752879,64.0,77.30010648,100.0,36.42,0.494385634,60.23101455,60.0,92.9,9.4,59.03
Jhalawar,Moderate,High,Very High,Mitigation + GW Sustainability,5.311143019,190.0919735,50.6,69.77420494,100.0,116.59,5.774707001,54.17131288,167.0,86.53,5.4,74.64382768
Mandsaur,Very Low,Moderate,Very High,GW Sustainability,5.412751893,196.4518303,43.6,72.71170046,100.0,104.57,0.320386631,64.00220367,135.0,86.92,15.0,76.5
Mewat,Very Low,Moderate,Very High,GW Sustainability,4.86,168.4219117,66.1,77.12392829,98.0,80.22,0.028496116,74.68946834,10.0,87.47,5.4,76.92
Morbi,Low,Very High,High,Mitigation + GW Sustainability,5.59,132.1970485,52.6,77.97840764,100.0,45.9,0.902669581,73.75621187,60.0,98.68,13.4960271,60.33
Nagaur,Low,Low,Very High,GW Sustainability,5.404234331,125.4517579,24.7,72.05962979,85.0,181.68,0.046844309,72.90365979,167.0,99.9,33.6,38.95842713
Narmada,Low,Moderate,Moderate,No Data,5.32,122.1411066,29.1,73.68220197,100.0,55.79,0.537582672,41.16646122,60.0,82.99,9.7,65.32
Rajgarh,Low,Moderate,Very High,GW Sustainability,4.550760079,197.4303336,45.2,71.41266929,100.0,89.78,0.978399229,78.29206555,135.0,71.55,12.4,74.2
Sabar Kantha,Very Low,Very High,High,Mitigation + GW Sustainability,5.509189756,145.5492571,73.4,80.422288,40.0,71.31,,64.01079107,60.0,98.12,13.2,76.98
Sehore,Very Low,High,High,Mitigation + GW Sustainability,5.228062161,213.6806901,53.5,73.07045569,98.0,61.78,0.736004456,61.72680569,135.0,66.67,11.9,67.13
Sirsa,Very Low,Low,Very High,GW Sustainability,4.931873907,194.0017462,97.6,82.95775954,80.0,148.48,0.01091427,92.23296198,10.0,19.17,13.1,60.15
Surendranagar,Low,High,High,Mitigation + GW Sustainability,5.563333599,144.7340159,52.3,75.36935047,100.0,47.7,0.364448394,69.85343707,60.0,98.23,6.4,46.35
Almora,Moderate,Very Low,Low,No Data,4.822726731,143.1953578,,46.22509122,89.0,,0.004244879,13.89958317,285.0,0.13,21.13658482,95.61627486
Cuddalore,Moderate,Very High,Very High,Mitigation + GW Sustainability,5.325018981,150.9192163,59.3,57.03641944,99.0,64.14,23.55987048,57.22182494,,54.62,28.5,94.33717321
Dehradun,Low,Moderate,Moderate,No Data,4.762617439,149.9836742,52.0,52.48967167,100.0,32.15,0.059098858,9.280256075,285.0,32.11,10.3,88.66036159
Fatehabad,Very Low,Moderate,Very High,GW Sustainability,4.9,200.9562779,99.0,85.59906738,100.0,182.46,0.144358104,87.70691755,10.0,36.25,12.06,64.41
Firozabad,Very Low,High,Very High,Mitigation + GW Sustainability,4.901070343,178.3534257,73.7,68.09955419,67.0,104.69,0.056326601,73.29256157,,86.67,11.5,89.41454816
Ghaziabad,Very Low,Very High,Very High,Mitigation + GW Sustainability,4.797692912,150.2830189,100.0,76.71921787,8.0,123.15,0.356290778,53.76761855,,78.46,11.6,91.8000935
Gir Somnath,Low,Very High,High,Mitigation + GW Sustainability,5.5,157.5743713,58.2,84.83829735,100.0,45.85,0.681581529,66.45518055,60.0,98.99,9.73425338,78.45
Gonda,Very Low,Very High,High,Mitigation + GW Sustainability,4.763427343,177.2325332,88.2,70.01819223,41.0,60.11,0.289242885,60.4581112,,83.23,5.02,96.49583969
Jind,Very Low,Moderate,Very High,GW Sustainability,4.827528741,157.957926,99.1,81.22212623,92.0,105.27,0.15260546,92.57951432,10.0,43.46,13.2,65.98
Udham Singh Nagar,Very Low,Very High,High,Mitigation + GW Sustainability,4.8,196.2881494,98.7,63.29139406,,57.53,1.513232125,47.92434221,285.0,82.09,5.5,79.25298669
Viluppuram,Moderate,Moderate,Very High,GW Sustainability,5.38,126.6328284,68.3,61.69470061,99.0,88.2,1367.427956,48.31429389,,80.99,4.73,95.60459298
West,Very Low,Moderate,Very High,GW Sustainability,4.68,182.1097355,,80.6876994,56.0,96.24,0.015615592,14.84120742,150.0,75.73,20.29059245,81.39
Chikballapura,Very Low,Low,Very High,GW Sustainability,5.52,112.1180859,26.9,56.51874277,99.0,153.82,0.223891232,49.84314007,,78.78,15.9,91.53
Chikmagalur,Moderate,Very Low,Low,No Data,5.197569732,137.0972612,16.9,46.78552912,99.0,53.2,0.041792229,42.65277153,,48.58,7.4,83.19
Dakshina Kannada,Low,High,Low,Mitigation,5.142917208,102.8926815,50.0,48.13186813,100.0,44.78,0.000210728,39.82877408,,89.88,7.6,91.81
Daman,High,Very Low,Moderate,Adaptation,5.28598349,102.785265,,,100.0,158.84,,89.86677432,110.0,,5.5,97.91
Dausa,Very Low,High,Very High,Mitigation + GW Sustainability,5.14,163.2528622,42.1,70.29077118,86.0,233.22,0.052049772,65.95065431,167.0,99.15,30.6,81.16707821
Dharmapuri,Very Low,Moderate,High,GW Sustainability,5.353,149.1240268,37.9,65.05607875,98.0,98.78,0.33014178,37.09460466,,76.84,9.17,95.03280663
East Sikkim,No Data,No Data,No Data,No Data,3.859543302,,15.4,16.61726565,18.0,4.38,0.010238332,,,0.02,5.667004228,82.05737493
Kargil,No Data,No Data,No Data,No Data,4.474365175,,100.0,19.60804328,,25.07,0.000372043,,235.0,0.24,13.78644764,94.29
Koch Bihar,High,Moderate,Moderate,Adaptation,4.341244966,214.9889544,15.8,26.57558396,65.0,44.68,1.117826572,77.5461825,460.0,91.19,2.93,94.05830669
Lakshadweep,Low,Very Low,Low,No Data,5.527,106.8097015,,,99.0,61.72,,80.63181647,,100.0,4.116891636,
Aravalli,Low,Very High,High,Mitigation + GW Sustainability,5.5,166.3099508,65.6,79.20664681,91.0,41.92,1.024143108,69.01592656,60.0,97.76,17.06422381,71.15
Bhiwani,Very Low,High,Very High,Mitigation + GW Sustainability,4.899295476,180.9262777,70.7,76.72221396,100.0,106.66,0.000209784,89.59600758,10.0,61.68,12.6,58.76
Indore,Very Low,Moderate,Very High,GW Sustainability,5.270531526,199.3012728,45.7,70.31431439,98.0,119.38,0.35674258,65.56329076,135.0,85.53,16.8,71.89
Junagadh,Very Low,Very High,Very High,Mitigation + GW Sustainability,5.514891234,188.936408,58.4,83.36027733,100.0,42.26,0.326507868,63.81891626,60.0,99.02,13.5,68.06
Vadodara,Low,High,Very High,Mitigation + GW Sustainability,5.385438293,124.2369189,68.2,74.68859319,100.0,64.36,1.291333265,71.82300928,60.0,84.63,12.0,75.3
Erode,Low,Moderate,Very High,GW Sustainability,5.23,110.6628296,65.1,68.27853304,84.0,80.18,1.722116952,28.11394741,,52.53,10.5,82.86767073
Ganderbal,Moderate,Low,High,GW Sustainability,4.26,155.3004513,79.9,44.35822287,100.0,51.67,5.387519599,32.1366782,235.0,0.37,6.386776315,99.35
Kasaragod,Low,Moderate,High,GW Sustainability,5.155883,102.374169,43.0,38.83928571,95.0,72.75,2.494341567,74.5473625,195.0,75.5,10.3,98.19
Agra,Very Low,Very High,Very High,Mitigation + GW Sustainability,4.924824622,167.2184039,65.9,67.42170635,99.0,116.38,0.204848252,64.40233602,,88.01,21.6,84.89047131
Baran,Very Low,High,High,Mitigation + GW Sustainability,4.815257783,192.4703887,52.9,69.28992623,88.0,128.77,1.956532067,49.22275867,167.0,67.03,6.0,67.07463666
Gandhinagar,Low,Very High,Very High,Mitigation + GW Sustainability,5.524018889,125.4112515,63.5,79.92877034,91.0,92.3,1.033349645,78.44306824,60.0,99.63,78.1,84.14
Jalor,Very Low,Low,Very High,GW Sustainability,5.57207754,143.3245409,45.7,71.35011691,95.0,181.46,0.215504386,62.64670726,167.0,97.76,29.31,32.24917152
Jhunjhunun,Very Low,Moderate,Very High,GW Sustainability,5.088304967,160.9900476,39.9,68.1826022,93.0,216.66,,65.14142842,167.0,99.34,64.34,71.94548642
Jodhpur,Very Low,Low,Very High,GW Sustainability,5.555235718,134.9561375,47.8,75.58602388,78.0,256.74,0.03083182,61.89651237,167.0,96.28,22.62,26.61212705
Kodagu,Moderate,Low,Low,No Data,4.94711993,165.3169348,1.3,47.66580037,100.0,40.39,1.381348259,48.75223663,,32.62,8.9,67.72
Moradabad,Very Low,Very High,Very High,Mitigation + GW Sustainability,4.803808462,170.6424147,93.9,73.65736624,56.0,88.64,0.115295621,80.82752769,,81.39,10.9,92.81735031
Panchkula,Very Low,High,Very High,Mitigation + GW Sustainability,4.79,215.1665147,65.8,57.70832145,100.0,63.01,0.125949605,40.59613622,10.0,87.32,10.7,80.18
Pashchim Medinipur,Low,Moderate,Very High,GW Sustainability,4.86,222.9146467,28.0,42.5415761,85.0,52.95,0.998178805,62.76591303,460.0,59.5,10.28,97.62008419
Peren,Low,Very Low,Very Low,No Data,4.35,154.0746932,29.1,31.522608,100.0,1.59,0.006532444,17.3691261,320.0,0.04,5.005695652,31.75
Porbandar,Very Low,Very High,Very High,Mitigation + GW Sustainability,5.54,193.954623,53.1,78.75979396,100.0,50.1,0.414450742,50.16605836,60.0,98.24,10.8,67.83
Sawai Madhopur,Very Low,Moderate,Very High,GW Sustainability,5.181522613,160.9185467,57.8,65.01637011,69.0,161.27,0.908234603,55.61764304,167.0,95.02,11.28,73.74938253
Solan,Very Low,Very Low,Moderate,No Data,4.77391692,186.0837399,24.7,46.07238955,100.0,57.09422669,0.54844403,17.25050334,30.0,58.0,13.9,76.17
Theni,Very Low,High,Very High,Mitigation + GW Sustainability,5.52,109.629974,56.9,57.27263592,32.0,75.94,1.192862582,33.17398143,,82.55,10.3,90.57618088
Tiruppur,Very Low,Very Low,High,GW Sustainability,5.6,102.3812402,61.8,58.61204433,96.0,87.01,0.118261571,36.62317465,,59.99,7.2,71.76684254
Hyderabad,No Data,No Data,No Data,No Data,5.348330333,#DIV/0!,,,,93.62,0.206124962,,,93.42,8.8,
The Dangs,Low,Moderate,Low,No Data,5.239335594,144.5160031,32.4,68.85008237,100.0,10.0,1.173398178,31.73344894,60.0,77.94,4.8,28.24
Ambala,Very Low,Low,Very High,GW Sustainability,4.781813018,170.9801573,94.8,65.82371881,100.0,123.06,0.324044376,96.67533988,10.0,93.69,8.9,72.13
Kaushambi,Very Low,Very High,High,Mitigation + GW Sustainability,,161.3171149,78.9,74.09535743,26.0,81.73,0.39700469,64.96948853,,82.46,15.6,94.30778215
Sonipat,Very Low,Moderate,Very High,GW Sustainability,4.812690103,215.0755679,100.0,79.68137255,84.0,100.49,,71.60563354,10.0,50.21,11.19,68.71
Alwar,Very Low,Very High,Very High,Mitigation + GW Sustainability,5.020311713,182.9257642,60.7,66.87696252,100.0,182.88,0.05938599,62.56543032,167.0,96.99,33.96,84.50290858
Chamrajnagar,Low,Low,Moderate,No Data,5.24,113.5005011,30.9,59.49723075,99.0,96.53,0.0142729,31.34281217,,61.39,9.4,89.64
Coimbatore,Very Low,Low,Very High,GW Sustainability,5.333645553,106.2630821,65.9,61.47204634,90.0,89.03,0.154171626,34.9977346,,64.7,20.2,75.48203743
Diu,Very Low,High,Very High,Mitigation + GW Sustainability,5.597026755,102.6,104.9,63.63636364,99.0,230.02,,74.96251874,110.0,99.02,5.9,97.87
Gurgaon,Very Low,High,Very High,Mitigation + GW Sustainability,4.864034749,100.8964067,99.4,74.64788732,100.0,214.0,0.124503588,97.76943628,10.0,77.39,30.3,79.75
Kaithal,Very Low,Very High,Very High,Mitigation + GW Sustainability,4.814586374,202.7101826,100.0,80.03793959,94.0,193.81,0.040997964,84.68975246,10.0,61.47,24.6,67.08
Karauli,Very Low,Very Low,Very High,GW Sustainability,5.13,170.7624136,46.8,63.68303361,100.0,158.04,0.376514775,38.30561846,167.0,93.66,14.87,79.46350131
Panipat,Very Low,High,Very High,Mitigation + GW Sustainability,4.793628006,201.3916684,100.0,81.00067028,98.0,198.16,0.3825673,75.27418896,10.0,78.73,17.0,78.57
Vellore,Very Low,Low,Very High,GW Sustainability,5.36,129.2853438,57.6,55.71110978,92.0,112.5,1.329293009,21.59103125,,90.99,8.18,95.93251181
Barnala,Very Low,Very High,Very High,Mitigation + GW Sustainability,4.84,194.9388525,100.0,77.34206512,,223.59,0.033566658,88.8085695,,78.38,33.6,
Bijapur-K,Low,Very Low,Low,No Data,5.34,100.0667821,6.1,57.45528439,100.0,40.5,0.001291123,12.36841542,,79.27,6.6,53.9
Kachchh,Very Low,Moderate,Moderate,No Data,5.533580793,127.8769312,36.6,72.3502764,99.0,54.05,0.150174055,15.07078483,60.0,85.21,16.2,42.85
Mahendragarh,Very Low,High,Very High,Mitigation + GW Sustainability,5.004083556,187.6836848,59.5,70.61950928,82.0,146.51,0.260473134,78.4749691,10.0,92.63,30.5,72.13
Patan,Very Low,High,Very High,Mitigation + GW Sustainability,5.52,160.6961453,47.5,74.97296084,100.0,98.74,0.853439232,57.68846886,60.0,98.75,56.1,63.08
Gautam Buddha Nagar,Very Low,Moderate,Very High,GW Sustainability,4.81,191.2281042,100.0,82.86390369,77.0,104.79,,41.05659294,,69.93,19.2,91.82211259
Ahmadabad,Very Low,High,High,Mitigation + GW Sustainability,5.355746656,135.6800622,59.3,82.88696068,100.0,87.32,0.789823593,68.91782671,60.0,68.88,21.1,58.24
Chandigarh,Very Low,Low,Very High,GW Sustainability,4.70450454,155.9221658,,64.38344352,99.0,75.41,2.633404461,16.82562278,260.0,97.16,28.5,82.82
Dhaulpur,Very Low,High,Very High,Mitigation + GW Sustainability,5.03,163.4262829,55.0,62.7722248,100.0,135.98,,51.21726172,167.0,93.34,13.8,84.79011151
Fazilka,Very Low,Low,High,GW Sustainability,4.91,196.6218197,100.0,84.86828512,97.0,76.21,0.181976101,87.93809836,,48.44,4.939244184,
Karnal,Very Low,High,Very High,Mitigation + GW Sustainability,4.783941748,199.1803115,100.0,74.98751872,95.0,172.93,0.074116597,81.39743595,10.0,85.67,20.7,65.11
Kurukshetra,Very Low,High,Very High,Mitigation + GW Sustainability,4.783021258,204.0215473,100.0,76.05004873,93.0,226.3,0.013307642,84.84603543,10.0,91.76,36.9,70.41
Rewari,Very Low,High,Very High,Mitigation + GW Sustainability,4.915843684,127.3611564,97.1,67.0781893,99.0,132.81,,83.37448068,10.0,90.77,34.2,73.38
Mahesana,Very Low,Very High,Very High,Mitigation + GW Sustainability,5.543196681,152.9389221,76.5,77.04005431,100.0,108.2,1.329252321,77.44483212,60.0,97.47,36.9,83.67
North Sikkim,No Data,No Data,No Data,No Data,3.79626875,,,12.88220071,65.0,2.74,0.005218212,,,2.07,6.255554778,54.86707138
Yamunanagar,Very Low,Moderate,Very High,GW Sustainability,4.76106229,196.2067686,98.7,64.73654997,100.0,138.53,0.321504937,65.75033825,10.0,92.77,15.3,72.06
Faridabad,Very Low,High,Very High,Mitigation + GW Sustainability,4.849795245,410.3973765,100.0,83.50799508,100.0,200.45,0.266524077,43.15744197,10.0,67.79,27.4,79.9
Faridkot,Very Low,Low,High,GW Sustainability,4.869891122,194.5728074,100.0,81.16568031,100.0,128.8,0.108648871,86.48646809,,36.79,6.8,
Bathinda,Very Low,Low,Very High,GW Sustainability,4.885123719,190.3695519,99.8,81.02013016,100.0,105.0,0.194870563,87.08797981,,39.31,15.6,
Firozpur,Very Low,Low,Very High,GW Sustainability,4.860021356,187.8304989,100.0,86.44721651,99.0,131.89,0.124813954,91.50377736,,55.12,8.35,
Mansa,Very Low,High,High,Mitigation + GW Sustainability,4.88,199.1502953,99.7,84.3166451,96.0,98.94,0.25259615,86.21685936,,44.44,12.2,
Muktsar,Low,Moderate,Moderate,No Data,4.9,199.119343,99.9,83.99622206,89.0,24.13,0.331345275,86.73413328,,36.11,3.158,
Patiala,Very Low,High,Very High,Mitigation + GW Sustainability,4.786668915,196.7420218,99.7,70.35873741,99.0,214.72,0.425804367,80.01576176,,95.2,28.2,
Pathankot,Very Low,Low,Moderate,No Data,4.61,198.5262264,55.2,54.57630093,100.0,51.47,0.065594796,50.33026229,,68.13,6.272375769,
Banas Kantha,Very Low,Very High,Very High,Mitigation + GW Sustainability,5.532916374,193.2236501,71.7,68.46308821,95.0,115.52,0.685930642,64.4474816,60.0,97.66,39.3,59.0
Gurdaspur,Very Low,Low,Very High,GW Sustainability,4.643793002,195.9014078,95.3,54.84307588,90.0,141.99,0.269627347,81.25376803,,90.64,7.5,
Rupnagar,Very Low,Very High,High,Mitigation + GW Sustainability,4.68,189.0145656,83.2,59.9653428,60.0,98.56,0.116599541,58.08355257,,93.7,12.4,
Amritsar,Very Low,High,Very High,Mitigation + GW Sustainability,4.713551608,188.2102208,100.0,66.6929492,100.0,178.11,0.250623998,83.13616876,,78.37,15.0,33.13
Ludhiana,Very Low,Moderate,Very High,GW Sustainability,4.759929597,189.4244479,100.0,68.71542377,99.0,221.04,0.702524195,81.11981146,,94.62,17.9,
Sangrur,Very Low,High,Very High,Mitigation + GW Sustainability,4.839361804,199.3694397,100.0,77.38821005,81.0,313.41,0.238890124,87.65935032,,83.8,33.6,
Hoshiarpur,Very Low,Low,Very High,GW Sustainability,4.681511814,165.6923729,93.7,56.70162258,99.0,117.58,0.18283344,59.80009845,,95.49,13.6,
Kapurthala,Very Low,Low,Very High,GW Sustainability,4.710355969,202.2084102,100.0,64.13725035,94.0,237.4,0.131547963,79.12105728,,97.29,17.6,
Tarn Taran,Very Low,Low,Very High,GW Sustainability,4.75,182.9690384,100.0,66.53979129,100.0,213.98,0.18817049,89.98546277,,75.91,19.3,
Jalandhar,Very Low,High,Very High,Mitigation + GW Sustainability,4.709072084,171.0603497,100.0,65.72407645,95.0,263.6,0.242798972,90.80360899,,98.87,24.28,
Fatehgarh Sahib,Very Low,High,Very High,Mitigation + GW Sustainability,4.75,186.4030357,100.0,68.65616213,83.0,215.61,0.632277847,88.85500706,,97.59,23.5,
Moga,Very Low,High,Very High,Mitigation + GW Sustainability,4.8,200.108874,100.0,76.70204874,96.0,237.22,0.124784646,86.74723602,,75.57,24.9,
Shahid Bhagat Singh Nagar,Very Low,Low,Very High,GW Sustainability,4.71,192.9383577,96.3,65.87819318,99.0,123.24,,73.83647004,,96.41,19.6,
Sahibzada Ajit Singh Nagar,Very Low,Very Low,Very High,GW Sustainability,4.68,134.6111312,100.0,60.39216806,99.0,130.0,,71.03061073,,96.57,18.38,
Barddhaman,Moderate,No Data,No Data,No Data,4.81,119.9645221,,,,51.6,,33.86700194,460.0,,8.3,
Dibang Valley,Low,No Data,No Data,No Data,2.9,120.1092257,,,,,0.000501662,49.16099338,290.0,,6.32402146,
Palghar,No Data,No Data,No Data,No Data,,,,,,23.85,0.287534627,,,,8.037081303,
Palghar,No Data,No Data,No Data,No Data,,,,,,23.85,0.287534627,,,,8.037081303,
