NAME_0,NAME_1,NAME_2,longitude,latitude
India,Andaman and Nicobar,North and Middle Andaman,92.87285899708196,12.852938176802173
India,Andaman and Nicobar,South Andaman,92.66512369130102,11.52811011425736
India,Andhra Pradesh,Anantapur,77.57084647775922,14.475092112469728
India,Andhra Pradesh,Chittoor,79.0039376606638,13.45659735903294
India,Andhra Pradesh,East Godavari,82.00102149340557,17.183853150571476
India,Andhra Pradesh,Guntur,80.08127788748507,16.291438610432373
India,Andhra Pradesh,Krishna,80.79289725061821,16.55041094105699
India,Andhra Pradesh,Kurnool,78.00002848234163,15.528010901701913
India,Andhra Pradesh,Nellore,79.71998600334027,14.435256005242508
India,Andhra Pradesh,Prakasam,79.50950385641946,15.611367900214256
India,Andhra Pradesh,Srikakulam,83.97930710568325,18.57117950494549
India,Andhra Pradesh,Vizianagaram,83.36384689811466,18.465278733453978
India,Andhra Pradesh,West Godavari,81.39222800833001,16.88689249490299
India,Arunachal Pradesh,Anjaw,96.82692131365273,28.07219288042268
India,Arunachal Pradesh,Changlang,96.34488117526972,27.370372597906375
India,Arunachal Pradesh,East Kameng,93.03203401420014,27.29399689897325
India,Arunachal Pradesh,East Siang,95.16329130654981,28.117908934691812
India,Arunachal Pradesh,Kurung Kumey,93.3177810809792,28.03804908818053
India,Arunachal Pradesh,Lohit,96.22820239994338,27.870889156724196
India,Arunachal Pradesh,Longding,95.33569388730078,26.858475480064726
India,Arunachal Pradesh,Lower Dibang Valley,95.81779898908742,28.363962273777386
India,Arunachal Pradesh,Lower Subansiri,93.87234806745627,27.671107031866548
India,Arunachal Pradesh,Namsai,95.8996537920462,27.652567233709117
India,Arunachal Pradesh,Papum Pare,93.58822995851992,27.274604293992205
India,Arunachal Pradesh,Tawang,91.91830420382507,27.655713230906432
India,Arunachal Pradesh,Tirap,95.5301431748037,27.034568266913745
India,Arunachal Pradesh,Upper Siang,94.90818664518847,28.828349318826774
India,Arunachal Pradesh,Upper Subansiri,93.93246650163479,28.291684324047253
India,Arunachal Pradesh,West Kameng,92.51480639409698,27.433898812791142
India,Arunachal Pradesh,West Siang,94.50827827880414,28.314142433083852
India,Assam,Baksa,91.341584575989,26.665985295261102
India,Assam,Barpeta,91.00368935142984,26.337738037068164
India,Assam,Bongaigaon,90.61351069636234,26.346281224405494
India,Assam,Cachar,92.85752056389396,24.81377547623807
India,Assam,Chirang,90.67846550156293,26.627015034801886
India,Assam,Darrang,92.03442639852335,26.449382050388905
India,Assam,Dhemaji,94.78022274421642,27.590357596437595
India,Assam,Dhubri,90.02905763929722,26.101506638546628
India,Assam,Dibrugarh,95.05490893107958,27.371417295634085
India,Assam,Dima Hasao,93.03395059919299,25.380104606994447
India,Assam,Goalpara,90.60869689271813,26.048034910488216
India,Assam,Golaghat,93.83687005674845,26.478763461460936
India,Assam,Hailakandi,92.58903386797827,24.496497755296677
India,Assam,Jorhat,94.27414915552173,26.795246443586674
India,Assam,Kamrup,91.4270914379189,26.103623350066
India,Assam,Karbi Anglong,93.14761961448622,26.068380728381378
India,Assam,Karimganj,92.38083912025675,24.57872694528399
India,Assam,Kokrajhar,90.19811007947784,26.584343006839372
India,Assam,Lakhimpur,94.13502057706948,27.17435110354353
India,Assam,Morigaon,92.28019515101374,26.285723986520726
India,Assam,Nagaon,92.8416613742104,26.22552823841121
India,Assam,Nalbari,91.38392877047906,26.37544175637809
India,Assam,Sivasagar,94.81926656888764,27.012288315263966
India,Assam,Sonitpur,92.92733397844277,26.782577655903705
India,Assam,Tinsukia,95.6255185300875,27.584267812112106
India,Assam,Udalguri,92.01966262530313,26.733210369690134
India,Bihar,Araria,87.34623316348586,26.200806423798987
India,Bihar,Arwal,84.68284214297509,25.16274853256586
India,Bihar,Aurangabad,84.40448204289247,24.793624818280225
India,Bihar,Aurangabad,84.40448204289247,24.793624818280225
India,Bihar,Banka,86.83421590822266,24.851934933279978
India,Bihar,Begusarai,86.12361436839711,25.495600218190763
India,Bihar,Bhagalpur,87.07725989578393,25.26924571597922
India,Bihar,Bhojpur,84.53556132800624,25.47040473044529
India,Bihar,Buxar,84.09350223907208,25.493155698587408
India,Bihar,Darbhanga,86.01743804401922,26.114683666805842
India,Bihar,Gaya,84.92838201975245,24.698684874458984
India,Bihar,Gopalganj,84.36829456234231,26.445064937793482
India,Bihar,Jamui,86.28854756091016,24.78548597351204
India,Bihar,Jehanabad,85.02165589405804,25.15618327569586
India,Bihar,Katihar,87.63888288816487,25.5451593364622
India,Bihar,Khagaria,86.59624149689616,25.512262241578885
India,Bihar,Kishanganj,87.92910355681973,26.295363318121588
India,Bihar,Lakhisarai,86.12817375430598,25.159737857979508
India,Bihar,Madhepura,86.88931311335483,25.826078118262625
India,Bihar,Madhubani,86.2118027330792,26.406223526951617
India,Bihar,Munger,86.5269601235707,25.211138162851164
India,Bihar,Muzaffarpur,85.32246146390504,26.152526292270466
India,Bihar,Nalanda,85.44841103187836,25.22128668941213
India,Bihar,Nawada,85.58705662556734,24.810985662271356
India,Bihar,Pashchim Champaran,84.33676696875467,27.079501769461775
India,Bihar,Patna,85.21433241404353,25.457242192339514
India,Bihar,Purnia,87.40051471946875,25.816121584358527
India,Bihar,Rohtas,84.01973522047524,24.980655794243297
India,Bihar,Saharsa,86.58260746801258,25.81692386340408
India,Bihar,Samastipur,85.89603263219747,25.77765923699096
India,Bihar,Saran,84.81697681001033,25.906198436188177
India,Bihar,Sheikhpura,85.81459534900176,25.13154553694866
India,Bihar,Sheohar,85.32268190190587,26.484825885431466
India,Bihar,Sitamarhi,85.55704574237645,26.596611657279976
India,Bihar,Siwan,84.38079574553038,26.162853869587693
India,Bihar,Supaul,86.79186090971257,26.24678872439392
India,Bihar,Vaishali,85.36202548797633,25.763019029957636
India,Chhattisgarh,Baloda Bazar,82.32148159363555,21.579062357704068
India,Chhattisgarh,Balod,81.15663846688165,20.687360189822915
India,Chhattisgarh,Balrampur,83.49434103779419,23.588631738574552
India,Chhattisgarh,Balrampur,83.49434103779419,23.588631738574552
India,Chhattisgarh,Bastar,81.83367778181795,19.084225419790435
India,Chhattisgarh,Bemetara,81.51931190297601,21.707227318880474
India,Chhattisgarh,Bijapur,80.76853318573332,18.838284426064668
India,Chhattisgarh,Bijapur,80.76853318573332,18.838284426064668
India,Chhattisgarh,Bilaspur,82.06948598373822,22.40512152890472
India,Chhattisgarh,Bilaspur,82.06948598373822,22.40512152890472
India,Chhattisgarh,Dantewada,81.37552468428676,18.817872793453148
India,Chhattisgarh,Dhamtari,81.80334764226717,20.553082109313756
India,Chhattisgarh,Durg,81.35495141887924,21.15182719805672
India,Chhattisgarh,Janjgir-Champa,82.7306531796828,21.924432791209362
India,Chhattisgarh,Jashpur,83.85863728290504,22.79875736355506
India,Chhattisgarh,Kondagaon,81.6571991716845,19.740077703748113
India,Chhattisgarh,Korba,82.60352645397411,22.532420561865244
India,Chhattisgarh,Mahasamund,82.60366092966144,21.203206386150374
India,Chhattisgarh,Mungeli,81.72532968825857,22.239388877573464
India,Chhattisgarh,Narayanpur,81.07096140512816,19.57122319713524
India,Chhattisgarh,Raipur,81.84979911109261,21.222813438412842
India,Chhattisgarh,Sukma,81.34295825384598,18.25317935867303
India,Chhattisgarh,Surajpur,82.87600641139267,23.40354885940474
India,Chhattisgarh,Surguja,83.22041279177752,22.927103729727204
India,Goa,North Goa,73.98406110381235,15.550964530043613
India,Goa,South Goa,74.12038087418117,15.195394176308398
India,Gujarat,Ahmadabad,72.20327267746697,22.72727720229357
India,Gujarat,Amreli,71.26364994064171,21.421025702589795
India,Gujarat,Anand,72.79101577649072,22.45024868485865
India,Gujarat,Banas Kantha,72.03944991858606,24.28101994239377
India,Gujarat,Bharuch,72.92287959051068,21.78730773537871
India,Gujarat,Bhavnagar,71.92323212047685,21.598148236915222
India,Gujarat,Botad,71.61143868334034,22.04084963612916
India,Gujarat,Devbhumi Dwarka,69.47272723630127,22.124185509063263
India,Gujarat,Gandhinagar,72.69959650022899,23.208002404617975
India,Gujarat,Gir Somnath,70.62187398157833,20.92540026237785
India,Gujarat,Jamnagar,70.23195463611593,22.33655544759962
India,Gujarat,Junagadh,70.57102380113551,21.255752111740676
India,Gujarat,Kachchh,69.96716133001125,23.625399577155
India,Gujarat,Kheda,73.02346937880964,22.87641596598334
India,Gujarat,Mahesana,72.49636126979384,23.57952947946575
India,Gujarat,Mahisagar,73.76860165391612,23.207256456961254
India,Gujarat,Morbi,70.93666165324484,22.824488464403466
India,Gujarat,Narmada,73.65749974797812,21.71150534632908
India,Gujarat,Navsari,73.10335846333643,20.81251291695172
India,Gujarat,Panch Mahals,73.61154246357314,22.734345012980228
India,Gujarat,Patan,71.8001625470473,23.767917613378092
India,Gujarat,Porbandar,69.80212734389298,21.637778598681326
India,Gujarat,Rajkot,70.76062085299152,22.015029693035245
India,Gujarat,Sabar Kantha,73.0375188312707,23.804734534763725
India,Gujarat,Surat,73.07407898611069,21.264138339386335
India,Gujarat,Surendranagar,71.60649771165893,22.76785390803244
India,Gujarat,Tapi,73.6381852981967,21.19236400889549
India,Gujarat,Vadodara,73.24962970410348,22.245806871243968
India,Gujarat,Valsad,73.12211882220687,20.41834826660454
India,Haryana,Ambala,76.96608671908366,30.35854015487887
India,Haryana,Bhiwani,75.95756044709599,28.724096333120762
India,Haryana,Faridabad,77.29630938619053,28.235103266963478
India,Haryana,Fatehabad,75.56908914887954,29.579313342652043
India,Haryana,Hisar,75.80474982647709,29.22039492915809
India,Haryana,Jhajjar,76.61653315999436,28.592375491719512
India,Haryana,Jind,76.29395786662765,29.442431791729675
India,Haryana,Kaithal,76.40781764899918,29.81602352587678
India,Haryana,Karnal,76.88093563368238,29.6969271374165
India,Haryana,Kurukshetra,76.82974625492015,30.049895780796927
India,Haryana,Mahendragarh,76.13633286445632,28.17826088333138
India,Haryana,Mewat,77.03767078096783,27.987064519691895
India,Haryana,Palwal,77.36050503223481,28.06511390788671
India,Haryana,Panchkula,76.95854906172018,30.710095100259686
India,Haryana,Panipat,76.91545499008622,29.33742151880353
India,Haryana,Rewari,76.55527760624658,28.210452306358977
India,Haryana,Rohtak,76.51108115795712,28.914147348459743
India,Haryana,Sirsa,74.89202569429763,29.616302741937776
India,Haryana,Sonipat,76.86412452228559,29.06547089672506
India,Haryana,Yamunanagar,77.33025402349915,30.257528130821402
India,Himachal Pradesh,Chamba,76.33764139432213,32.678322091779314
India,Himachal Pradesh,Hamirpur,76.51100401457991,31.670532875242607
India,Himachal Pradesh,Hamirpur,76.51100401457991,31.670532875242607
India,Himachal Pradesh,Kangra,76.30224822495848,32.11033015236438
India,Himachal Pradesh,Kinnaur,78.39687128992463,31.601358337380457
India,Himachal Pradesh,Kullu,77.38444877679893,31.90784167420586
India,Himachal Pradesh,Mandi,76.9779344485801,31.641452204025395
India,Himachal Pradesh,Shimla,77.61780441459734,31.20135195503559
India,Himachal Pradesh,Sirmaur,77.41744737615636,30.672101448976097
India,Himachal Pradesh,Solan,76.89569492531413,31.04658426049983
India,Himachal Pradesh,Una,76.19571289060151,31.58272311534208
India,Jammu and Kashmir,Anantnag,75.31950877786865,33.82156781291883
India,Jammu and Kashmir,Badgam,74.62583619834196,33.91328611904955
India,Jammu and Kashmir,Baramulla,74.33737533373417,34.18058410570075
India,Jammu and Kashmir,Doda,75.68745204343998,33.11079376460649
India,Jammu and Kashmir,Ganderbal,75.02968378915301,34.287771036567094
India,Jammu and Kashmir,Jammu,74.73185648394305,32.79913747528153
India,Jammu and Kashmir,Kathua,75.55656679879144,32.572991709674284
India,Jammu and Kashmir,Kishtwar,75.95035215380909,33.546128814078784
India,Jammu and Kashmir,Kulgam,74.85145231378091,33.59892895355903
India,Jammu and Kashmir,Kupwara,74.19264059086828,34.52670611390289
India,Jammu and Kashmir,Poonch,74.26043461132436,33.70829880544352
India,Jammu and Kashmir,Pulwama,75.04290218256001,33.96730499327342
India,Jammu and Kashmir,Ramban,75.171746305623,33.33394702203281
India,Jammu and Kashmir,Reasi,74.82188063262514,33.222185143251465
India,Jammu and Kashmir,Samba,75.05076572251987,32.6041424703576
India,Jammu and Kashmir,Srinagar,74.89834858669256,34.12935326189549
India,Jammu and Kashmir,Udhampur,75.27850898715012,32.90808644522995
India,Jharkhand,Bokaro,85.98753914754681,23.6916687295585
India,Jharkhand,Chatra,84.88021609725126,24.17309810611552
India,Jharkhand,Deoghar,86.73520843660232,24.326807212615105
India,Jharkhand,Dhanbad,86.47081810767209,23.830305771905586
India,Jharkhand,Dumka,87.2611648502119,24.318339285554718
India,Jharkhand,Garhwa,83.68971715689803,24.1033794861883
India,Jharkhand,Giridih,86.10391796233168,24.29685082978196
India,Jharkhand,Godda,87.30630655562535,24.858783081311774
India,Jharkhand,Gumla,84.52778655237961,23.100720625320907
India,Jharkhand,Hazaribagh,85.42092135608307,24.077538336184123
India,Jharkhand,Jamtara,86.91165901685955,23.975283257053277
India,Jharkhand,Khunti,85.26772441145775,23.000040569535063
India,Jharkhand,Latehar,84.43610109051176,23.717188387158284
India,Jharkhand,Lohardaga,84.66307128487492,23.47458477010732
India,Jharkhand,Pakur,87.65833573362,24.56191209887251
India,Jharkhand,Palamu,84.15857359184066,24.200235596699617
India,Jharkhand,Ramgarh,85.55407669965308,23.627389843867725
India,Jharkhand,Ranchi,85.36569400726708,23.331062053077627
India,Jharkhand,Simdega,84.55962042961794,22.577731812683847
India,Karnataka,Bidar,77.22350402306886,17.95022208396288
India,Karnataka,Chitradurga,76.51248936822311,14.16205121004363
India,Karnataka,Dakshina Kannada,75.2667684408567,12.833054513006415
India,Karnataka,Davanagere,75.93132824762104,14.351501978983858
India,Karnataka,Gadag,75.66666991102534,15.427803572912351
India,Karnataka,Hassan,76.10490312074434,12.989597267771755
India,Karnataka,Haveri,75.41850572188247,14.734452734647695
India,Karnataka,Kodagu,75.79915236264628,12.3187406245835
India,Karnataka,Kolar,78.20854177362871,13.12876488910859
India,Karnataka,Koppal,76.22041060186953,15.558022237840323
India,Karnataka,Mandya,76.79049069334258,12.60358581034864
India,Karnataka,Raichur,76.89009900407835,16.085554624630998
India,Karnataka,Ramanagara,77.32770496491784,12.67000373124106
India,Karnataka,Udupi,74.88276070307482,13.464781429520219
India,Karnataka,Uttara Kannada,74.62394327389012,14.787562826414502
India,Karnataka,Yadgir,76.91123531243305,16.622761416647847
India,Kerala,Alappuzha,76.44597592882901,9.413453622471318
India,Kerala,Ernakulam,76.47423387863473,10.055314938417672
India,Kerala,Idukki,77.01325046489627,9.873758335743364
India,Kerala,Kannur,75.53609381452792,11.992362423815118
India,Kerala,Kollam,76.86771097643438,8.954113992466537
India,Kerala,Kottayam,76.6486930189736,9.628318359369597
India,Kerala,Kozhikode,75.83150225386846,11.48078207581314
India,Kerala,Malappuram,76.1515766767352,11.129253709109312
India,Kerala,Palakkad,76.54830970134103,10.787205420519276
India,Kerala,Pathanamthitta,76.91342013079081,9.27609957683826
India,Kerala,Thiruvananthapuram,77.00468824895867,8.60624906071084
India,Kerala,Thrissur,76.31187393275303,10.465609130229895
India,Kerala,Wayanad,76.09162566983942,11.704894400966575
India,Madhya Pradesh,Alirajpur,74.36768300330158,22.315783240230658
India,Madhya Pradesh,Anuppur,81.8720353753008,23.14842269028353
India,Madhya Pradesh,Balaghat,80.35392910486092,21.88125375821518
India,Madhya Pradesh,Barwani,75.02330475945988,21.789636635134748
India,Madhya Pradesh,Betul,77.867034821122,21.879751224590716
India,Madhya Pradesh,Bhind,78.71485018127504,26.42650112371283
India,Madhya Pradesh,Bhopal,77.39179098285564,23.481945943933823
India,Madhya Pradesh,Burhanpur,76.36909150805971,21.374358757119083
India,Madhya Pradesh,Chhatarpur,79.65755942065823,24.802204698675553
India,Madhya Pradesh,Chhindwara,78.85003454660037,22.123429022266777
India,Madhya Pradesh,Damoh,79.5205259582763,23.816275748810455
India,Madhya Pradesh,Datia,78.60677122687156,25.845331239668262
India,Madhya Pradesh,Dewas,76.45428243441341,22.74847741951014
India,Madhya Pradesh,Dhar,75.10523884227055,22.500172750723102
India,Madhya Pradesh,Dindori,81.0456200636798,22.835148194081455
India,Madhya Pradesh,Guna,77.19593277737181,24.55933170510412
India,Madhya Pradesh,Gwalior,78.13879230963504,26.04504562738163
India,Madhya Pradesh,Harda,77.11804883423945,22.237147660617264
India,Madhya Pradesh,Indore,75.781437053804,22.716273835038866
India,Madhya Pradesh,Jabalpur,79.94498853641058,23.174282175663645
India,Madhya Pradesh,Jhabua,74.67399520994893,22.89343075239386
India,Madhya Pradesh,Katni,80.33473372502624,23.703670115557017
India,Madhya Pradesh,Mandla,80.44732943955287,22.66599297614383
India,Madhya Pradesh,Mandsaur,75.4040688517704,24.215021983910685
India,Madhya Pradesh,Morena,77.86093973650156,26.419259061143517
India,Madhya Pradesh,Neemuch,75.14315564429705,24.60921462794741
India,Madhya Pradesh,Panna,80.18546259693333,24.424990345864916
India,Madhya Pradesh,Raisen,78.11335767603524,23.22067051754935
India,Madhya Pradesh,Rajgarh,76.73110175484301,23.8653750234865
India,Madhya Pradesh,Ratlam,75.09013443429502,23.504176803527788
India,Madhya Pradesh,Rewa,81.5815073658697,24.75817049089258
India,Madhya Pradesh,Sagar,78.75275380176446,23.851919073593564
India,Madhya Pradesh,Satna,80.82548752977198,24.53606099054845
India,Madhya Pradesh,Sehore,77.12512132971462,22.99478219693506
India,Madhya Pradesh,Seoni,79.68391716837846,22.317319749142477
India,Madhya Pradesh,Shahdol,81.43297485309792,23.46327803972622
India,Madhya Pradesh,Shajapur,76.55811081433826,23.38630639344166
India,Madhya Pradesh,Sheopur,77.00484608711712,25.758115248192997
India,Madhya Pradesh,Shivpuri,77.8061480006997,25.3678421115424
India,Madhya Pradesh,Sidhi,81.8273932297538,24.22199726872822
India,Madhya Pradesh,Singrauli,82.41282997093188,24.21839264828764
India,Madhya Pradesh,Tikamgarh,78.93955092219912,24.993083928540894
India,Madhya Pradesh,Ujjain,75.66734680897417,23.33519261674295
India,Madhya Pradesh,Umaria,80.91357690902386,23.6064872993288
India,Madhya Pradesh,Vidisha,77.8082436092528,23.89694193906197
India,Maharashtra,Akola,77.04456579945091,20.750285420644296
India,Maharashtra,Amravati,77.56873457659859,21.189297156116407
India,Maharashtra,Bhandara,79.86916178131882,21.159915754498137
India,Maharashtra,Chandrapur,79.43777723072249,20.116742184382463
India,Maharashtra,Dhule,74.60495445553455,21.11152060569562
India,Maharashtra,Hingoli,77.1165730619164,19.6153478095871
India,Maharashtra,Jalgaon,75.49131842192595,20.937425064042444
India,Maharashtra,Jalna,75.98260686539591,19.819725692747333
India,Maharashtra,Kolhapur,74.16729996670091,16.466794001073215
India,Maharashtra,Latur,76.75954490956428,18.37348473252526
India,Maharashtra,Nagpur,79.08204064880029,21.176935802653837
India,Maharashtra,Nanded,77.62064375499762,19.115179887849063
India,Maharashtra,Nandurbar,74.219907672922,21.547217834343954
India,Maharashtra,Nashik,74.07783818514743,20.260003017329602
India,Maharashtra,Osmanabad,76.03923706278384,18.18822589362255
India,Maharashtra,Palghar,72.88829047525348,19.97766228702877
India,Maharashtra,Palghar,72.88829047525348,19.97766228702877
India,Maharashtra,Palghar,72.88829047525348,19.97766228702877
India,Maharashtra,Palghar,72.88829047525348,19.97766228702877
India,Maharashtra,Palghar,72.88829047525348,19.97766228702877
India,Maharashtra,Palghar,72.88829047525348,19.97766228702877
India,Maharashtra,Palghar,72.88829047525348,19.97766228702877
India,Maharashtra,Palghar,72.88829047525348,19.97766228702877
India,Maharashtra,Palghar,73.05100870673701,19.747060506205806
India,Maharashtra,Palghar,73.05100870673701,19.747060506205806
India,Maharashtra,Palghar,73.05100870673701,19.747060506205806
India,Maharashtra,Palghar,73.05100870673701,19.747060506205806
India,Maharashtra,Palghar,73.05100870673701,19.747060506205806
India,Maharashtra,Palghar,73.05100870673701,19.747060506205806
India,Maharashtra,Palghar,73.05100870673701,19.747060506205806
India,Maharashtra,Palghar,73.05100870673701,19.747060506205806
India,Maharashtra,Parbhani,76.68153024007793,19.285775316621038
India,Maharashtra,Pune,74.07657986708273,18.570547179448024
India,Maharashtra,Raigarh,73.23018141785859,18.509931110134822
India,Maharashtra,Raigarh,73.23018141785859,18.509931110134822
India,Maharashtra,Ratnagiri,73.46052513266491,17.272678793256954
India,Maharashtra,Sangli,74.77482660373126,17.110715239436143
India,Maharashtra,Satara,74.18109412699071,17.66775235754394
India,Maharashtra,Sindhudurg,73.74296893871474,16.1322347861948
India,Maharashtra,Solapur,75.48515982644494,17.788824470999003
India,Maharashtra,Thane,73.3317697305993,19.359985740663323
India,Maharashtra,Wardha,78.58272722858595,20.79632095008145
India,Maharashtra,Washim,77.21651461327119,20.23844684191014
India,Maharashtra,Yavatmal,78.15805947724444,20.0839308517465
India,Manipur,Bishnupur,93.80276712268963,24.540119648814013
India,Manipur,Chandel,94.095503777861,24.24120418947337
India,Manipur,Churachandpur,93.42099620633293,24.30377657261947
India,Manipur,Imphal East,93.77619621128073,24.806310586387173
India,Manipur,Imphal West,93.87762532193598,24.807692170324234
India,Manipur,Senapati,94.0413097815467,25.201648543099303
India,Manipur,Tamenglong,93.5281183925377,24.951388006758616
India,Manipur,Thoubal,93.97348942766239,24.53614326369779
India,Manipur,Ukhrul,94.43563412769109,25.02613267769211
India,Meghalaya,East Garo Hills,90.67465464028567,25.680283515800966
India,Meghalaya,East Khasi Hills,91.80097199634166,25.385534352031204
India,Meghalaya,North Garo Hills,90.55385858836168,25.8830860543543
India,Meghalaya,Ri Bhoi,91.88741291380944,25.875180133155894
India,Meghalaya,South Garo Hills,90.59634492817268,25.30251479410879
India,Meghalaya,South West Garo Hills,89.94024925133904,25.4538145006341
India,Meghalaya,South West Khasi Hills,91.25025296860767,25.322473434744705
India,Meghalaya,West Garo Hills,90.18507753681763,25.61925164929274
India,Meghalaya,West Khasi Hills,91.26107581528247,25.602711927956786
India,Mizoram,Aizawl,92.8880736505241,23.836556335954988
India,Mizoram,Champhai,93.23731282304469,23.540237433386206
India,Mizoram,Kolasib,92.72764521571195,24.200562387631788
India,Mizoram,Lunglei,92.72407432832657,22.97405797767248
India,Mizoram,Mamit,92.46779537834564,23.755070577053804
India,Mizoram,Saiha,93.01462211722969,22.379360099935717
India,Mizoram,Serchhip,92.94708529227802,23.290033944936567
India,Nagaland,Dimapur,93.78742060213504,25.777667530904097
India,Nagaland,Kiphire,94.82571786397311,25.848550065109354
India,Nagaland,Kohima,94.10649881430474,25.767011941367972
India,Nagaland,Longleng,94.80286425647903,26.554892729048476
India,Nagaland,Mokokchung,94.53166014142847,26.477106223881886
India,Nagaland,Mon,95.02184913347361,26.68463756955956
India,Nagaland,Peren,93.61724357785337,25.49784814641256
India,Nagaland,Phek,94.53819510148526,25.652322239155403
India,Nagaland,Tuensang,94.88852416823107,26.17328254570548
India,Nagaland,Wokha,94.19261076721396,26.18961382382432
India,Nagaland,Zunheboto,94.48657926011641,26.00832708485097
India,Odisha,Baleshwar,86.90431344946349,21.48889819557619
India,Odisha,Bargarh,83.34625904177067,21.216645267312824
India,Odisha,Bhadrak,86.61670396404787,20.978616409085603
India,Odisha,Cuttack,85.69853953013397,20.443631214515364
India,Odisha,Dhenkanal,85.52026558769336,20.820109359608786
India,Odisha,Gajapati,84.15327987479188,19.165091431994774
India,Odisha,Ganjam,84.6586817602201,19.62176157839839
India,Odisha,Jagatsinghapur,86.32996117628086,20.21632255512924
India,Odisha,Jharsuguda,83.94776380648877,21.802840992440103
India,Odisha,Kalahandi,83.10171506720413,19.861868710730104
India,Odisha,Kandhamal,84.04012346658865,20.12263115447912
India,Odisha,Kendrapara,86.60466781865064,20.546886541390798
India,Odisha,Kendujhar,85.69919560823807,21.532253286441957
India,Odisha,Khordha,85.50524787294837,20.082552058320424
India,Odisha,Koraput,82.70720620183133,18.81116545025684
India,Odisha,Malkangiri,81.94802601190892,18.250500726496558
India,Odisha,Mayurbhanj,86.40586500852463,21.89067337663891
India,Odisha,Nabarangapur,82.329958098403,19.582510059797848
India,Odisha,Nayagarh,84.99291440233154,20.206194093236398
India,Odisha,Nuapada,82.57086358488127,20.461488542383428
India,Odisha,Puri,85.6984213786447,19.865765487931334
India,Odisha,Rayagada,83.50626509940935,19.35501693213399
India,Odisha,Sambalpur,84.27427710324017,21.447530852434312
India,Odisha,Sundargarh,84.5039283722222,22.076666009935153
India,Puducherry,Karaikal,79.79652665488685,10.91349373635471
India,Punjab,Amritsar,74.8933504248464,31.704498902199802
India,Punjab,Barnala,75.4932599235611,30.39922726325721
India,Punjab,Faridkot,74.76789177691722,30.61109605504741
India,Punjab,Fatehgarh Sahib,76.34949282945507,30.635638975022744
India,Punjab,Fazilka,74.14718789910856,30.257383855845042
India,Punjab,Gurdaspur,75.27919348565348,31.913703004289296
India,Punjab,Hoshiarpur,75.84461182590111,31.627329060797123
India,Punjab,Jalandhar,75.55370722794473,31.21380783505912
India,Punjab,Kapurthala,75.38977808103662,31.354827862527763
India,Punjab,Ludhiana,75.82411703478901,30.81069297376781
India,Punjab,Mansa,75.42839021735497,29.91072749945713
India,Punjab,Moga,75.15800306594367,30.76706397814183
India,Punjab,Pathankot,75.61441492801573,32.30267931989938
India,Punjab,Patiala,76.34884272203519,30.284001040929414
India,Punjab,Sangrur,75.85735300163527,30.21547981340299
India,Punjab,Tarn Taran,74.83632261067066,31.336005409575495
India,Rajasthan,Ajmer,74.7642518496749,26.228079924152574
India,Rajasthan,Alwar,76.5980045061927,27.596824485739024
India,Rajasthan,Banswara,74.36533615045684,23.477188405771546
India,Rajasthan,Baran,76.75188847027252,25.00045972653836
India,Rajasthan,Barmer,71.47896025496412,25.730182500356023
India,Rajasthan,Bharatpur,77.27077342680104,27.251200463820265
India,Rajasthan,Bhilwara,74.72686550519877,25.48307293808443
India,Rajasthan,Bikaner,73.07660017701343,28.19102754492459
India,Rajasthan,Bundi,75.77371292437864,25.474335002199137
India,Rajasthan,Churu,74.56158047892409,28.292704667032503
India,Rajasthan,Dausa,76.51993412554887,26.86609400222367
India,Rajasthan,Dungarpur,73.85793495842827,23.734164323228434
India,Rajasthan,Hanumangarh,74.59694825890871,29.2401410479418
India,Rajasthan,Jaipur,75.71827969040989,26.98375164272401
India,Rajasthan,Jaisalmer,70.90052935296472,27.070295779555025
India,Rajasthan,Jhalawar,76.19371570155242,24.333123599201496
India,Rajasthan,Jodhpur,72.78783352555263,26.749049674918293
India,Rajasthan,Karauli,76.93956151085314,26.52226616813793
India,Rajasthan,Kota,76.12541623594456,25.128637179086198
India,Rajasthan,Nagaur,74.18374438811149,27.066399843050814
India,Rajasthan,Pali,73.52097224079232,25.708695748836114
India,Rajasthan,Pratapgarh,74.68122926653884,24.030864738773232
India,Rajasthan,Pratapgarh,74.68122926653884,24.030864738773232
India,Rajasthan,Rajsamand,73.8753186719125,25.1974250625192
India,Rajasthan,Sawai Madhopur,76.44437776619054,26.192758980298237
India,Rajasthan,Sikar,75.28126187001484,27.64002140525754
India,Rajasthan,Sirohi,72.77903187084053,24.758427123248094
India,Rajasthan,Tonk,75.66734050527435,26.150000447218062
India,Rajasthan,Udaipur,73.71456744949099,24.41103686128349
India,Tamil Nadu,Ariyalur,79.22818711371312,11.146720099018644
India,Tamil Nadu,Coimbatore,76.93088902949748,10.826766505326752
India,Tamil Nadu,Cuddalore,79.44522850321525,11.525092972415624
India,Tamil Nadu,Dharmapuri,78.18379797312492,12.086370205588018
India,Tamil Nadu,Dindigul,77.80498330785514,10.379260158336583
India,Tamil Nadu,Erode,77.40362306439107,11.494909201156858
India,Tamil Nadu,Kanniyakumari,77.34650879524867,8.306035715094318
India,Tamil Nadu,Karur,78.11836937868738,10.831786305026782
India,Tamil Nadu,Krishnagiri,78.02161189332627,12.479197290654158
India,Tamil Nadu,Madurai,77.9895652786941,9.909971375903957
India,Tamil Nadu,Namakkal,78.1224831516352,11.305296147359385
India,Tamil Nadu,Perambalur,78.87775870110787,11.260483260477082
India,Tamil Nadu,Pudukkottai,78.86659365075866,10.342065199575618
India,Tamil Nadu,Ramanathapuram,78.6803398857528,9.442918449418947
India,Tamil Nadu,Salem,78.2091607389948,11.66309337908857
India,Tamil Nadu,Thanjavur,79.22359063611106,10.65524982779384
India,Tamil Nadu,The Nilgiris,76.63281167845538,11.448384731421415
India,Tamil Nadu,Theni,77.42393232021152,9.880751439386074
India,Tamil Nadu,Thoothukkudi,77.98821474490988,8.877432957597316
India,Tamil Nadu,Tiruchirappalli,78.5549139379254,10.876685258615959
India,Tamil Nadu,Tirunelveli,77.5230643359691,8.790112729709472
India,Tamil Nadu,Tiruppur,77.35244426629049,10.845590766287895
India,Tamil Nadu,Tiruvannamalai,79.15445865404288,12.418655269773689
India,Tamil Nadu,Vellore,78.998148204564,12.800637803865278
India,Telangana,Adilabad,78.96672966506826,19.25443302478288
India,Telangana,Karimnagar,79.23473572268674,18.546226728030625
India,Telangana,Khammam,80.67908802834118,17.590040390931957
India,Telangana,Medak,78.21079722029222,17.884860149016195
India,Telangana,Nalgonda,79.28145060165554,17.061890098323587
India,Telangana,Nizamabad,78.13937539271663,18.523969408729673
India,Telangana,Warangal,79.79165863343599,17.949973834478126
India,Tripura,Dhalai,91.91048295516893,23.8213103017395
India,Tripura,Gomati,91.61899516983186,23.505397912667316
India,Tripura,Khowai,91.65575278744626,23.94430230985945
India,Tripura,North Tripura,92.21507828814599,24.09858201260025
India,Tripura,South Tripura,91.58337256495443,23.200271254854368
India,Tripura,West Tripura,91.39840782801119,23.876865942404866
India,Uttar Pradesh,Agra,78.06292449172216,27.007505137477768
India,Uttar Pradesh,Aligarh,78.07718214139432,27.92616555667281
India,Uttar Pradesh,Ambedkar Nagar,82.65982592116703,26.423722608454025
India,Uttar Pradesh,Amethi,81.63081442133543,26.286783997073833
India,Uttar Pradesh,Amroha,78.34914672262201,28.84339731392857
India,Uttar Pradesh,Auraiya,79.44951043977319,26.64988022874674
India,Uttar Pradesh,Azamgarh,83.04119512160061,26.055238356369554
India,Uttar Pradesh,Baghpat,77.30256931443404,29.06000667455899
India,Uttar Pradesh,Bahraich,81.4126191779698,27.7414724386347
India,Uttar Pradesh,Ballia,84.0968578077093,25.877455234314027
India,Uttar Pradesh,Banda,80.55262669046157,25.47120021951936
India,Uttar Pradesh,Barabanki,81.37166054100763,26.91674239294599
India,Uttar Pradesh,Bareilly,79.41114726123931,28.45553052099095
India,Uttar Pradesh,Basti,82.60642135419018,26.789899668410794
India,Uttar Pradesh,Bijnor,78.38678404780202,29.392817353917476
India,Uttar Pradesh,Budaun,79.03157571331582,28.08645897443609
India,Uttar Pradesh,Bulandshahr,77.99918677657097,28.36670228552562
India,Uttar Pradesh,Chandauli,83.25276015071778,25.13946741204329
India,Uttar Pradesh,Chitrakoot,81.08126404645816,25.208935825130872
India,Uttar Pradesh,Deoria,83.82737357614461,26.425465614538197
India,Uttar Pradesh,Etah,78.70204011927983,27.517717316151362
India,Uttar Pradesh,Etawah,79.08139024029643,26.78954291259046
India,Uttar Pradesh,Farrukhabad,79.45148707238043,27.436304977992787
India,Uttar Pradesh,Fatehpur,80.79821480689854,25.877881138024943
India,Uttar Pradesh,Firozabad,78.45673911905904,27.20601003368692
India,Uttar Pradesh,Gautam Buddha Nagar,77.53741377947763,28.3957648466502
India,Uttar Pradesh,Ghaziabad,77.47630696512272,28.77845643750259
India,Uttar Pradesh,Ghazipur,83.54762871460231,25.62472918259934
India,Uttar Pradesh,Gonda,82.01252589793273,27.087736048093078
India,Uttar Pradesh,Gorakhpur,83.35993155870972,26.625704713688247
India,Uttar Pradesh,Hapur,77.87015322710201,28.71779869932667
India,Uttar Pradesh,Hardoi,80.15249211381939,27.33438762997174
India,Uttar Pradesh,Hathras,78.14403194473688,27.576147824844966
India,Uttar Pradesh,Jalaun,79.37968370491257,26.096317574245624
India,Uttar Pradesh,Jaunpur,82.56705604641482,25.749178198859983
India,Uttar Pradesh,Jhansi,78.94644493202465,25.510592085229824
India,Uttar Pradesh,Kannauj,79.67846090844753,27.017705976063635
India,Uttar Pradesh,Kanpur Dehat,79.8466630565659,26.44503165616654
India,Uttar Pradesh,Kanpur Nagar,80.20231184976963,26.392387743267992
India,Uttar Pradesh,Kaushambi,81.4589687986995,25.491520659811254
India,Uttar Pradesh,Lalitpur,78.55536209547066,24.657987992066097
India,Uttar Pradesh,Lucknow,80.89700406961708,26.846697085071504
India,Uttar Pradesh,Maharajganj,83.5007825837608,27.18814937447177
India,Uttar Pradesh,Mahoba,79.69269273903875,25.352393213339287
India,Uttar Pradesh,Mainpuri,79.04400700932082,27.186443188716346
India,Uttar Pradesh,Mathura,77.62079786926375,27.600621153727918
India,Uttar Pradesh,Mau,83.502818055662,26.035396670949662
India,Uttar Pradesh,Meerut,77.78360281389682,29.04163995170651
India,Uttar Pradesh,Mirzapur,82.61088768174542,24.98783266562601
India,Uttar Pradesh,Moradabad,78.78173732275083,28.87817855782671
India,Uttar Pradesh,Muzaffarnagar,77.72783131696045,29.417721573490084
India,Uttar Pradesh,Pilibhit,79.95036410620477,28.54777960368375
India,Uttar Pradesh,Rae Bareli,81.12559540634975,26.230549078889634
India,Uttar Pradesh,Rampur,79.09400176101768,28.801582162059717
India,Uttar Pradesh,Saharanpur,77.53533550621941,29.954680934357174
India,Uttar Pradesh,Sambhal,78.52764640084746,28.454090987908277
India,Uttar Pradesh,Shahjahanpur,79.83424659336595,27.981722018036123
India,Uttar Pradesh,Shamli,77.2764695464313,29.499572963920137
India,Uttar Pradesh,Shravasti,81.81582706426704,27.678408476296696
India,Uttar Pradesh,Siddharth Nagar,82.86031908338974,27.232808798251515
India,Uttar Pradesh,Sitapur,80.84695757282991,27.523179187983935
India,Uttar Pradesh,Sonbhadra,83.04554878287367,24.403573943893743
India,Uttar Pradesh,Sultanpur,82.21743716477886,26.24714054279353
India,Uttar Pradesh,Unnao,80.54996016527308,26.614339767091042
India,Uttar Pradesh,Varanasi,82.90902975239321,25.39063107171206
India,Uttarakhand,Almora,79.48897000026078,29.69516897749736
India,Uttarakhand,Bageshwar,79.84599799891323,29.99700673600593
India,Uttarakhand,Chamoli,79.55834795586031,30.49854253927764
India,Uttarakhand,Champawat,80.06174180247878,29.303058090106063
India,Uttarakhand,Dehradun,77.9597518543375,30.46861251636742
India,Uttarakhand,Nainital,79.45503287581818,29.316774237440246
India,Uttarakhand,Pithoragarh,80.33363290779343,30.111889927300624
India,Uttarakhand,Tehri Garhwal,78.56981907509703,30.442852059116912
India,West Bengal,Alipurduar,89.46110490996789,26.632952959542983
India,West Bengal,Bankura,87.12996628808175,23.138207346250937
India,West Bengal,Birbhum,87.66158609397874,23.951730347725526
India,West Bengal,Jalpaiguri,88.76428755595757,26.686545919744507
India,West Bengal,Maldah,88.08771387636554,25.135699334790697
India,West Bengal,Murshidabad,88.22706570124896,24.161446725058294
India,West Bengal,Nadia,88.51647314113518,23.476289232603456
India,West Bengal,Purba Medinipur,87.7743347464861,22.026699374542645
India,Andaman and Nicobar,Nicobar Islands,93.59909377073647,7.525464223153936
India,Andhra Pradesh,Visakhapatnam,82.68194440854047,17.884744012100967
India,Andhra Pradesh,Y.S.R.,78.77430269817067,14.45074652340695
India,Arunachal Pradesh,Dibang Valley,95.94281647026715,28.9551006779538
India,Assam,Kamrup Metropolitan,91.93086807761941,26.131404378439953
India,Bihar,Kaimur,83.5985297336745,24.992734104372897
India,Bihar,Purba Champaran,84.91640569508907,26.620732847534573
India,Chandigarh,Chandigarh,76.76827808622039,30.733838932780074
India,Chhattisgarh,Gariaband,82.26070145381118,20.369713397082045
India,Chhattisgarh,Kabeerdham,81.21612594594514,22.09115435649656
India,Chhattisgarh,Koriya,82.22876455281133,23.469272220728282
India,Chhattisgarh,Raigarh-C,83.2989384543504,22.08295932518769
India,Chhattisgarh,Rajnandgaon,80.81230786721981,21.038417040502512
India,Chhattisgarh,Uttar Bastar Kanker,81.12118692079605,20.134140813256273
India,Dadra and Nagar Haveli,Dadra and Nagar Haveli,73.08090142535934,20.19474194045413
India,Daman and Diu,Daman,72.85940734038087,20.413753940313864
India,Daman and Diu,Diu,70.94067132272079,20.717183160953848
India,Gujarat,Aravalli,73.33318257618804,23.46908037808116
India,Gujarat,Chhota Udaipur,73.86186789573594,22.205062358575493
India,Gujarat,Dahod,74.06687035564217,22.79755163466398
India,Gujarat,The Dangs,73.70614464618949,20.798623795662017
India,Haryana,Gurgaon,76.92190441059756,28.37472115971391
India,Himachal Pradesh,Bilaspur-HP,76.6576021141139,31.375341788240274
India,Himachal Pradesh,Lahul & Spiti,77.59920140190731,32.48336536514094
India,Jammu and Kashmir,Bandipore,74.9088909710648,34.517503230888906
India,Jammu and Kashmir,Kargil,76.47306503351322,33.88329079424351
India,Jammu and Kashmir,Leh (Ladakh),77.9480959618824,33.88468927604643
India,Jammu and Kashmir,Rajouri,74.37928386714965,33.2798973917673
India,Jammu and Kashmir,Shupiyan,74.83009558775957,33.76339734915131
India,Jharkhand,Kodarma,85.70239700901283,24.518497236503265
India,Jharkhand,Pashchimi Singhbhum,85.51346853306438,22.416460709876453
India,Jharkhand,Purbi Singhbhum,86.4472491925922,22.579150463381236
India,Jharkhand,Sahibganj,87.67436272504759,25.0070312964527
India,Jharkhand,Saraikela-kharsawan,85.94565083483154,22.84213057694746
India,Karnataka,Bagalkot,75.62653448650059,16.217995701149437
India,Karnataka,Bangalore Rural,77.56624897374402,13.217761447066772
India,Karnataka,Bangalore,77.58682464403552,12.942294809494626
India,Karnataka,Belgaum,74.82789852999453,16.117769983728902
India,Karnataka,Bellary,76.5305584263934,15.105032612912723
India,Karnataka,Bijapur-K,75.95336793957281,16.79153146799341
India,Karnataka,Chamrajnagar,77.09035864388416,11.94868298614062
India,Karnataka,Chikballapura,77.82826415113483,13.568754824257049
India,Karnataka,Chikmagalur,75.68958616646393,13.449436053623273
India,Karnataka,Dharwad,75.15628298355058,15.386488653549616
India,Karnataka,Gulbarga,76.86719102133614,17.257119294568668
India,Karnataka,Mysore,76.43608260659147,12.20217573224926
India,Karnataka,Shimoga,75.1760781761065,14.052251313625364
India,Karnataka,Tumkur,76.94143582026022,13.513510981500433
India,Kerala,Kasaragod,75.15247921009622,12.459359751028355
India,Lakshadweep,Lakshadweep,72.93961267117339,10.451273597275975
India,Madhya Pradesh,Agar Malwa,76.07018639711883,23.83389365876215
India,Madhya Pradesh,Ashoknagar,77.8694313490031,24.614118189865778
India,Madhya Pradesh,East Nimar,76.57000456504565,21.93876886767795
India,Madhya Pradesh,Hoshangabad,77.98442733120255,22.591336243579402
India,Madhya Pradesh,Narsimhapur,79.08131479452024,22.937401895946607
India,Madhya Pradesh,West Nimar,75.7744501929131,21.923184852941453
India,Maharashtra,Ahmadnagar,74.64550270538999,19.23321708826861
India,Maharashtra,Aurangabad-M,75.27591483413985,20.02266720419012
India,Maharashtra,Bid,75.80200053819489,18.925112704671665
India,Maharashtra,Buldana,76.40431817984621,20.51082539437804
India,Maharashtra,Garhchiroli,80.23423359824032,19.782282467934124
India,Maharashtra,Gondiya,80.15479966628193,21.120899223306214
India,Maharashtra,Mumbai City,72.83733064102253,18.98552790312027
India,Maharashtra,Mumbai Suburban,72.88212639160788,19.1427643384472
India,Meghalaya,Jaintia Hills,92.3805043701927,25.370872819434265
India,Mizoram,Lawangtlai,92.71582200522086,22.385811033127716
India,NCT of Delhi,West,77.1089795345416,28.646518974169425
India,Odisha,Anugul,84.90248348364177,20.98104274852065
India,Odisha,Balangir,83.16656829481384,20.58592275344057
India,Odisha,Bauda,84.1707209103992,20.641435044380973
India,Odisha,Debagarh,84.79732711451403,21.462336841262204
India,Odisha,Jajapur,86.14668189928318,20.84969486921776
India,Odisha,Subarnapur,83.81780261662547,20.926985020427043
India,Puducherry,Mahe,75.28613228486024,12.07424171738524
India,Puducherry,Puducherry,79.74830005519705,11.909316151103344
India,Puducherry,Yanam,82.24095003012978,16.717294494666984
India,Punjab,Bathinda,75.02997517374465,30.184054846049325
India,Punjab,Firozpur,74.66169381443756,30.890411513416574
India,Punjab,Muktsar,74.53061871776171,30.294645982824914
India,Punjab,Rupnagar,76.47279295051312,31.062522389132585
India,Punjab,Sahibzada Ajit Singh Nagar,76.72404572866557,30.687622866926066
India,Punjab,Shahid Bhagat Singh Nagar,76.14292123003376,31.11150668225918
India,Rajasthan,Chittaurgarh,74.78187750332724,24.835498192779916
India,Rajasthan,Dhaulpur,77.69562556277447,26.686454381491725
India,Rajasthan,Ganganagar,73.5983015795635,29.407765361601598
India,Rajasthan,Jalor,72.21691754193036,25.095054108152574
India,Rajasthan,Jhunjhunun,75.54498224398779,28.095589077917897
India,Sikkim,East Sikkim,88.67133017589981,27.292885581093298
India,Sikkim,North Sikkim,88.52635366690373,27.743675252263024
India,Sikkim,South Sikkim,88.38035955022063,27.287090758526286
India,Sikkim,West Sikkim,88.17392385810398,27.347110350704387
India,Tamil Nadu,Chennai,80.23495207417592,13.048086368619543
India,Tamil Nadu,Kancheepuram,79.93615675192125,12.681306074067061
India,Tamil Nadu,Nagappattinam,79.73608696338303,10.863691093005546
India,Tamil Nadu,Sivaganga,78.57595932715229,9.9070167725181
India,Tamil Nadu,Thiruvallur,79.93251947560466,13.235330784542631
India,Tamil Nadu,Thiruvarur,79.53460868630398,10.66934808221225
India,Tamil Nadu,Viluppuram,79.28446742363913,11.960325100139393
India,Tamil Nadu,Virudunagar,77.89435615866478,9.480564065318388
India,Telangana,Hyderabad,78.46413087192005,17.385620240920243
India,Telangana,Mahbubnagar,78.14044096047067,16.49343075890789
India,Telangana,Ranga Reddy,78.1722039181427,17.28405722096326
India,Tripura,Sipahijala,91.33558187335434,23.577062200479038
India,Tripura,Unokoti,92.04710030642852,24.18958225838066
India,Uttar Pradesh,Allahabad,81.96480868683727,25.299888574258176
India,Uttar Pradesh,Balrampur-UP,82.36882358473156,27.487147043980315
India,Uttar Pradesh,Faizabad,82.0705353278391,26.634722357769476
India,Uttar Pradesh,Hamirpur-UP,79.87068919605379,25.736558278648847
India,Uttar Pradesh,Kasganj,78.83677186850628,27.782238146587297
India,Uttar Pradesh,Kushinagar,83.92526576973947,26.864662494011586
India,Uttar Pradesh,Lakhimpur Kheri,80.65653924793344,28.12759650819718
India,Uttar Pradesh,Pratapgarh-UP,81.82248512407348,25.87642156058726
India,Uttar Pradesh,Sant Kabir Nagar,83.03009249071675,26.74788429052644
India,Uttar Pradesh,Sant Ravi Das Nagar,82.4556493724103,25.35098482899746
India,Uttarakhand,Garhwal,78.75665364758069,29.898658874291872
India,Uttarakhand,Hardwar,77.98869610659844,29.877275921502907
India,Uttarakhand,Rudraprayag,79.09849168330281,30.594824980009882
India,Uttarakhand,Udham Singh Nagar,79.49917330092798,29.04298460522849
India,Uttarakhand,Uttarkashi,78.58918538158969,30.978202900259525
India,West Bengal,Barddhaman,87.76325389393932,23.42533183817644
India,West Bengal,Dakshin Dinajpur,88.59255302199406,25.361570077309736
India,West Bengal,Darjiling,88.39236751138552,26.914295040678212
India,West Bengal,Haora,88.06455081582305,22.523696550001002
India,West Bengal,Hugli,88.07587628104955,22.881569471375844
India,West Bengal,Koch Bihar,89.34952752719457,26.292298992219404
India,West Bengal,Kolkata,88.35233742774909,22.551729628037528
India,West Bengal,North 24 Parganas,88.77822373097843,22.46295129591476
India,West Bengal,Pashchim Medinipur,87.2624070707434,22.410423098981216
India,West Bengal,Puruliya,86.41264960246819,23.274988767531635
India,West Bengal,South 24 Parganas,88.41605966425408,22.114311614646958
India,West Bengal,Uttar Dinajpur,88.15696108244913,25.874416967223983
,,,,
,,,,
,,,,
